id,text,anger,disgust,fear,joy,sadness,surprise,emotions,split
ary_train_track_a_00004,@<username> wlad l7aram ga3ma kay39lo 3la lbachar,1,0,0,0,0,0,['anger'],train
ary_train_track_a_00005,اللوفر فتح باب التبرعات باش يشري بواطة ديال الكارو  ديال الذهب من القرن 18,0,0,0,0,0,1,['surprise'],train
ary_train_track_a_00006,yemkan ma baghachi sol7 ana hdartlek 3la hadok li ma3andomchi prbl o ana ma3andich mochkil m3a ihab 3andi m3a hadok li,1,0,0,0,0,0,['anger'],train
ary_train_track_a_00007,lfounoun à la prochaine inchalah .. bon courag ❤ en menara mall marrakech ##url##,0,0,0,1,0,0,['joy'],train
ary_train_track_a_00009,هجوم جديد لمهاجرين أفارقة على باب سبتة..تشدو 300 والقوات العمومية دارت استنفار,0,0,1,0,0,0,['fear'],train
ary_train_track_a_00010,hhhh hardart jomhorha la fi3lan kadahko lach mrakzin m3aha ama kayn bin li kaydir dakchi 3alanan ou li khbit bhal bohila,0,0,0,1,0,0,['joy'],train
ary_train_track_a_00011,الحاكم الأوحد في المغرب هو محمد السادس اما البرلمان والاحزاب والانتخابات فهي لزوم ديكور,1,0,0,0,0,0,['anger'],train
ary_train_track_a_00012,مشاءالله عليكي منوره ياغاليه احلا واجمل فنانه بالكون',0,0,0,1,0,0,['joy'],train
ary_train_track_a_00013,هادشي لاش مشاو لأوروبا. جزائريين هاجموا قاصر مغربي باش يسرقوه في بلغراد وهو يضرب واحد فكرشو بموس,1,0,0,0,1,0,"['anger', 'sadness']",train
ary_train_track_a_00014,نايف أكرد خذا الرسمية فويستهام قبل المونديال,0,0,0,1,0,0,['joy'],train
ary_train_track_a_00015,حادث طعن بسكين داخل ملهى ليلي يزرع الرعب فعين الذئاب.. واستنفار أمني لإيقاف الجاني. الضحية امرأة وعدد المعتقلين لحد الآن 4.. وها الجريمة لي دارو,0,0,1,0,1,0,"['fear', 'sadness']",train
ary_train_track_a_00016,ن لا ترغب أن تلعب مع الأسود ! الأسبقية و المشاركة لمن له غيرة و قتالية على بلده و لمن شارك في الاقصاءيات و ليس لانتهازي اختار للعب لبلد آخر !!',1,0,0,0,0,0,['anger'],train
ary_train_track_a_00017,مكافأة للعابا ديال الرجاء من بعد ما ربحو السوالم,0,0,0,1,0,0,['joy'],train
ary_train_track_a_00018,أرفض رفضا مطلقا مشاركة هذا اللاعب ضمن المنتخب المغربي',0,0,0,0,0,1,['surprise'],train
ary_train_track_a_00019,واش رحلة الزاكي لأوروبا فاشلة. الألمان يقفون في وجه التحاق بلعربي بأسود الأطلس,0,0,0,0,0,1,['surprise'],train
ary_train_track_a_00020,#لا_لقمع_الأطر',1,0,0,0,0,0,['anger'],train
ary_train_track_a_00023,حنا ما عضنا حنش وخايفين من لحبل. رفس ودهس فمهرجان الناظور بسباب دباز لي الناس سحاب ليهوم داعش هجمات (فيديو),0,0,1,0,0,0,['fear'],train
ary_train_track_a_00024,الوفا عقد شباط. الامين العام للاستقلال لا يفوت فرصة للهجوم عليه وصفه في اخر هجوم بـ”العبد المطيع لبنكيران,1,0,0,0,0,0,['anger'],train
ary_train_track_a_00025,عنصرية اليمين المتطرف فـ اسبانيا.. كتبو عبارات كتسب المغرب واسرائيل على باب المقبرة اليهودية فـ مدريد,1,0,0,0,0,0,['anger'],train
ary_train_track_a_00026,😂😂😂 oui zayan boys ola chi haja bhal haka,0,0,0,1,0,0,['joy'],train
ary_train_track_a_00027,شاعلة ف مكناس. اعتداءات وتهديدات بالتصفية الجسدية تطال مرشحين ديال البيجيدي في بوفكران,1,0,0,0,0,0,['anger'],train
ary_train_track_a_00029,@<username> hna bikhir ahbiba twahachnak bzaf okanatmanaw tkoni bikhirr,0,0,0,1,0,0,['joy'],train
ary_train_track_a_00030,روعه ياعاشق ',0,0,0,1,0,0,['joy'],train
ary_train_track_a_00033,محكمة في فرانسا صدمات واحد من المشتبه فيهم اللي شفرو الذهب ديال كيم كاردشيان,0,0,0,0,0,1,['surprise'],train
ary_train_track_a_00036,مبارك عواشركم اخوتي المثقفين. تعيدو وتعاودو,0,0,0,1,0,0,['joy'],train
ary_train_track_a_00038,تبرك الله عليك مزيد من تألق نشألله  طوب طوب',0,0,0,1,0,0,['joy'],train
ary_train_track_a_00039,الإصابات اليومية طالعين حتى اليوم.. وصلنا لـ951 مصاب.. وغير 2000 اللي خداو الجرعة الثانية من اللقاح,0,0,0,0,1,0,['sadness'],train
ary_train_track_a_00040,"مزال شاعلة فـ”الزيتونة”.. “الحركة التصحيحية” بزعامة شباط: خاص الداخلية ماتقبلش حتى تغيير ضد القانون فأجهزة الحزب والمجلس الأعلى للحسابات خاصو يبحث فالشفرة اللي كاينة,",1,0,0,0,0,0,['anger'],train
ary_train_track_a_00041,ميسي موعت.. وهذه مدة غيابه عن الملاعب,0,0,0,0,1,0,['sadness'],train
ary_train_track_a_00043,لن ننام مطمئين يا عمر! بدل أن نطالب بالحريات، صرنا كل شهر ننكب على المطالبة ب”تحرير” واحد/ة من أصدقائنا ورفاقنا!,1,0,0,0,1,0,"['anger', 'sadness']",train
ary_train_track_a_00044,حافظوا على عبد الواحد الراضي. سينتهي المغرب ذات زمان ويبقى الراضي دليلا على أننا كنا موجودين يوما,0,0,0,1,0,0,['joy'],train
ary_train_track_a_00045,إسرائيل لمواطنيها. غير تكيفو لحشيش والله مانشدوكوم,0,0,0,0,0,1,['surprise'],train
ary_train_track_a_00046,تجارة الدين   الوزارة أدرى بالمقر,0,0,0,0,1,0,['sadness'],train
ary_train_track_a_00048,ريزو ديال الشفارة فمراكش طاح ف يد البوليس وهاشنو لقاو عندهم,0,0,0,0,0,1,['surprise'],train
ary_train_track_a_00050,فرنسا دفنات كوليبالي بالتخبية وها فين دفناتو,0,0,0,0,0,1,['surprise'],train
ary_train_track_a_00051,baghin tkarho ga3 nas f hanane fans mriid,1,0,0,0,0,0,['anger'],train
ary_train_track_a_00052,الناشطة الاسبانية إيلينا مالينو : بوليس المغرب حتارمني اكثر من بوليس الصبليون والحكومة الاسبانية كتكذب,1,0,0,0,0,0,['anger'],train
ary_train_track_a_00053,قصة أربعيني اغتصب إبنة عمّته القاصر بمساعدة أمها,0,1,0,0,1,0,"['disgust', 'sadness']",train
ary_train_track_a_00055,بالفيديو. خبيرة ماكياج كاتماكي للبنات برجليها!,0,0,0,0,0,1,['surprise'],train
ary_train_track_a_00056,خسرة للريال',0,0,0,0,1,0,['sadness'],train
ary_train_track_a_00057,عاش الملك سيدي محمد السادس نصره الله الله يحفظو وينصرو,0,0,0,1,0,0,['joy'],train
ary_train_track_a_00059,الله انتقم من هاد الحكومة هي ليوصلاتنا لهاذ الحالة .شحال هادي ودعنا القمع ديال السلطة وهاد الخوانجية رجعوه,1,0,0,0,0,0,['anger'],train
ary_train_track_a_00060,رآه كيستاهلو بن كيران سهمهم من سهمو أما منيب بزاف عليهم,1,0,0,0,0,0,['anger'],train
ary_train_track_a_00061,"قيادة العدالة والتنمية هاجمات الحكومة بسباب برنامج “فرصة”: 2.3 مليار سنتيم من المال العام مشات للإشهار والمؤثرين وهادشي سبابو ضعف تواصل الوزرا,",1,0,0,0,0,0,['anger'],train
ary_train_track_a_00064,جورنالات بلادي 2. الإعدام لقاتل يهودي وزوجته بالبيضاء واحتجاجات الحسيمة تدخل البرلمان,0,0,0,0,1,0,['sadness'],train
ary_train_track_a_00065,فاش كنا كنخرجو 😂,0,0,0,1,0,0,['joy'],train
ary_train_track_a_00066,الله أكبر القدس عاصمة فلسطين الأبدية و لقد فتحتم أبواب جهنم عليكم يا يهود',1,0,0,0,0,0,['anger'],train
ary_train_track_a_00068,إليسا: كنعيش قصة حب جديدة ومغاديش نقول لكم معامن,0,0,0,1,0,0,['joy'],train
ary_train_track_a_00070,ما عرفناهم معامن.. محادثة وابتسامة بين رئيسة الحكومة التونسية ورئيس إسرائيل دارت البوز – فيديو,0,0,0,0,0,1,['surprise'],train
ary_train_track_a_00071,الرميد ينظم الحقوق حتى ديال الحيوانات: اصحاب الحمير وكوتشيات احذروا تنتظركم 1200 درهم غرامة وها علاش,0,0,0,0,0,1,['surprise'],train
ary_train_track_a_00074,الزهر لمكفس. مصري شدولو حبيبتو فالحبس وبقا كيستناها سنوات وملي خرجات تشد هو!,0,0,0,0,1,1,"['sadness', 'surprise']",train
ary_train_track_a_00075,للأسف سوء التسير و سياسة القناة هما السببان الرئيسيان وراء ما يجري في القناة',0,0,0,0,1,0,['sadness'],train
ary_train_track_a_00076,هيفاء وهبي على أعتاب القفص الذهبي وها شكون هو لعروس للي دايرة معاه علاقة حميمية منذ سنوات,0,0,0,1,0,0,['joy'],train
ary_train_track_a_00077,@<username> @<username> achmn aghlabiya o dok nass likano hadrin machi mgharba ...nass monafi9in tl9ahom kitfarjo o9olo mabaghinoch ..,1,0,0,0,0,0,['anger'],train
ary_train_track_a_00078,الملك غادي يترأس غدا السبت إحياء ليلة المولد بجامع حسان فالرباط,0,0,0,1,0,0,['joy'],train
ary_train_track_a_00079,hram 3lik hanane tlab menk t3awnha nta mamsawa9ch lawla 7gartoha o tani pff salami ali haydi saho,0,0,0,0,1,0,['sadness'],train
ary_train_track_a_00080,زواج القاصرات فـ المغرب.. أغلبيتهم من طبقات فقيرة ورئاسة النيابة العامة: نسبة مهمة من رجال التعليم والفقها كيتزوجو بنات صغار,0,0,0,0,1,0,['sadness'],train
ary_train_track_a_00082,عاجل: سبعينية أولى ضحايا “مِينِي تْسُونَامِي,0,0,0,0,1,0,['sadness'],train
ary_train_track_a_00083,اسبانيا.. متشرد مغربي مات فظروف غامضة: لقاو الجثة ديالو متفحمة,0,0,0,0,1,0,['sadness'],train
ary_train_track_a_00084,بدر هاري خرج من المؤتمر لاحقاش معندوش مع الهضرة بزاف وقاليهم موعدنا فوق المنصة ماشي فالمؤتمر,0,0,0,0,0,1,['surprise'],train
ary_train_track_a_00086,ضبط مغربيات وسوريات وسودانيات يمارسن الدعارة فى فنادق مصرية,0,1,0,0,0,1,"['disgust', 'surprise']",train
ary_train_track_a_00087,"الذبيحة السرية دايرة الروينة ف”صهريح كَناوة” ففاس.. حجز أكثر من 100 كيلو ديال اللحم والبوليس حصلو كَزارة كيوجدو يذبحو جوج بكَرات – تصويرة,",0,0,0,0,0,1,['surprise'],train
ary_train_track_a_00088,يارب تحفظ ملكنا وبلادناعاش الشعب المغربي وعاش ملكنا محمد السادس.الله.الوطن.الملك.,0,0,0,1,0,0,['joy'],train
ary_train_track_a_00089,كنا متعاطفون معكم أما الأن سوف أكون أكبر معارض لكم بعتو الزعيم ابن كيران',1,0,0,0,0,0,['anger'],train
ary_train_track_a_00090,بعدما ضعافت.. فاطمة الزهراء بناصر كتبارك رمضان للمغاربة باللوك الجديد -تصاور,0,0,0,1,0,0,['joy'],train
ary_train_track_a_00091,رئيس المجلس البلدي للحسيمة يتهم اطرافا وظفت الاطفال كحطب للنار ويهاجم جهات تريد نسف المصالحة,1,0,0,0,0,1,"['anger', 'surprise']",train
ary_train_track_a_00092,عاجل. طونوبيلة دالعسكر تقلبات حدا السمارة وماتو 2 وجوج خراين فالخطار,0,0,0,0,1,0,['sadness'],train
ary_train_track_a_00094,مغربي كيواجه الحبس فمليلية بسباب اغتصاب صبليونية,0,1,0,0,1,0,"['disgust', 'sadness']",train
ary_train_track_a_00095,مازال دردگ وتزيد دردگ.. مادونا كملات 62 عام وحتافلت بعيد ميلادها مع عائلتها -فيديو,0,0,0,1,0,0,['joy'],train
ary_train_track_a_00097,pllz akhti malki 3la had hadra ma3rafti achnahiya dorofha,0,0,0,0,1,0,['sadness'],train
ary_train_track_a_00098,سكوب. اعتقال البوليسي لي جبد الفردي فبواط في الهرهورة,0,0,0,0,0,1,['surprise'],train
ary_train_track_a_00099,صدق من قال بن كيران أحسن رئيس حكومة مند الاستقلال  تحياتي لك .',0,0,0,1,0,0,['joy'],train
ary_train_track_a_00100,النيابة العامة فتطوان هبطات داك دراري اللّي طالبو بإسقاط الجنسية للحبس,0,0,0,0,0,1,['surprise'],train
ary_train_track_a_00101,ستين عام وهوما صحاب وفالاخير طلع خوه ماشي صاحبو,0,0,0,0,0,1,['surprise'],train
ary_train_track_a_00102,"الطاكسيات الحومر ففاس خارجين للاحتجاج عاود بسباب ارتفاع أسعار المحروقات – بلاغ,",1,0,0,0,0,0,['anger'],train
ary_train_track_a_00104,"الأزمة فسبتة غادا وكتزاد والبطالة وصلات لرقم قياسي هو الأعلى فإسبانيا والأمل كلو على حلان معبر باب سبتة ورا العيد,",0,0,0,0,1,0,['sadness'],train
ary_train_track_a_00105,شفارة السعودية: دخلو دري صغير وسط الصندوق- فيديو,0,0,0,0,1,1,"['sadness', 'surprise']",train
ary_train_track_a_00106,ادريس شويكة دخل فرئيس لجنة تحكيم مهرجان طنجة الوطني: باش تفضل ربورطاج تلفزيوني على فيلم سينمائي ما تستحقش مني اي احترام وغادي تبقى وصمة عار فتاريخ السينما,1,0,0,0,0,0,['anger'],train
ary_train_track_a_00108,بدلآ من خبر تافه يدل على أن العرب لا يفكرون الا بغرائزهم الجنسية',1,1,0,0,0,0,"['anger', 'disgust']",train
ary_train_track_a_00109,رحيل فنان مبدع: حمادي التونسي. كاتب اغنية “يا الغادي فالطونوبيل” دوز حياة فنية زوينة,0,0,0,0,1,0,['sadness'],train
ary_train_track_a_00111,فقد ذاكرته وبعد 22 سنة عاد الى عائلته,0,0,0,1,0,0,['joy'],train
ary_train_track_a_00114,مواطنين شدو عصابة كتسرق الجمال وتبعيها للمجازر فالعيون,0,0,0,0,0,1,['surprise'],train
ary_train_track_a_00115,مقتل باشا عين السبع داخل سيارته في اعتداء بالحجارة من فوق قنطرة سيدي مومن بكازا (صورة),0,0,1,0,1,0,"['fear', 'sadness']",train
ary_train_track_a_00116,مدرب الجزائر ما تسوقش لبوتفليقة. اعلن رسميا انفصاله عن الجزائر وقال: ما مسامحش بعض الصحافة الجزائرية,1,0,0,0,0,0,['anger'],train
ary_train_track_a_00117,اعتقال شابة مغربية فإسبانيا قتلات ولدها بموس مباشرة بعد ولادته,0,0,0,0,1,0,['sadness'],train
ary_train_track_a_00118,المواطن الفاسد',1,0,0,0,0,0,['anger'],train
ary_train_track_a_00119,وزير الدفاع الأمريكي استاقل.. وترامب علن على الخبر فتغريدة على تويتر!,0,0,0,0,0,1,['surprise'],train
ary_train_track_a_00120,الله أكبر والعزة لله الله يحميكم وينصركم',0,0,0,1,0,0,['joy'],train
ary_train_track_a_00121,alah alah alah 3la ihab ou 3aloch wahdahom bilacademy nchba3 minhom ana farhana wah9 rab,0,0,0,1,0,0,['joy'],train
ary_train_track_a_00122,مسكين انتحر قبل ما يشكل ابن كيران الحكومة كون بقا غير حتى تشكل الحكومة ونديروا انتحار جماعي .,1,0,0,0,1,0,"['anger', 'sadness']",train
ary_train_track_a_00123,ادانة ربعة ديال القاصرين فحراك الريف,1,0,0,0,1,0,"['anger', 'sadness']",train
ary_train_track_a_00124,@<username> @<username> chemkar dial magana fine bghitih yamchi ? 😂,0,1,0,0,0,0,['disgust'],train
ary_train_track_a_00125,الجمعية المغربية فرع طانطان كاعية على اعتقال معطلين بالمدينة,1,0,0,0,0,0,['anger'],train
ary_train_track_a_00126,"@<username> jayba lik chi khbar lkhir haka kano y9oulo jdoudna """"""""khbar lkhir a lalla 7lima tagrramt"""""""" raha cherifa 😅",0,0,0,1,0,0,['joy'],train
ary_train_track_a_00127,نحن مع سي بنكيران دائما ليستمر الاصلاح .,0,0,0,1,0,0,['joy'],train
ary_train_track_a_00128,روسي قتل صاحبو حيت بغى يقتل مش,0,0,0,0,1,1,"['sadness', 'surprise']",train
ary_train_track_a_00129,الملك ينعي عبد الهادي التازي، وها آش قال عليه,0,0,0,0,1,0,['sadness'],train
ary_train_track_a_00130,واسي العدالة اش غاديروا مع صندوق النقد الدولي تبيعونا ليهم,1,0,0,0,0,0,['anger'],train
ary_train_track_a_00131,وانظر الى اسير فلسطين فأتعلم الحرية',0,0,0,0,1,0,['sadness'],train
ary_train_track_a_00132,تطورات جديدة في الاعتداء الوحشي على شاب فكلميم وطلب فدية من عائلته,0,0,1,0,0,0,['fear'],train
ary_train_track_a_00133,درار يقود كلوب بروج إلى الفوز في الدوري البلجيكي,0,0,0,1,0,0,['joy'],train
ary_train_track_a_00135,شكرا سلمى ❤️❤️,0,0,0,1,0,0,['joy'],train
ary_train_track_a_00136,شكون اللي خلى الاتحاد الدستوري اللي ما عمرو يحل فمو يحتج ويكول باللي وكيل لائحة سيدي قاسم غطاوه رخصة باش يولي معاهم؟ وعلاش هاد الحزب اللي ما فيه روح كيسكت باش كيديو ليه حتى قيادتو,1,0,0,0,0,0,['anger'],train
ary_train_track_a_00137,تحية نضالية لأهل الحسيمة,0,0,0,1,0,0,['joy'],train
ary_train_track_a_00138,أزيد من 100 حكم إعدام في مصر وبين المحكومين الرئيس السابق محمد مرسي والعالم يوسف القرضاوي,0,0,0,0,1,1,"['sadness', 'surprise']",train
ary_train_track_a_00143,سرقة الأحذية في المساجد..صورة من داخل مسجد بالبيضاء في رمضان,0,0,0,0,0,1,['surprise'],train
ary_train_track_a_00145,معقلش عليهم جواد. 12 قاصر رونو طوبيس فكازا وها آش دار ليهم الشيفور,0,0,0,0,0,1,['surprise'],train
ary_train_track_a_00146,محامي عتقوه البوليس من يد واحد كان باغي يشرملو بجنوية بآسفي.. تهز للسبيطار لتلقي العلاج,0,0,1,0,1,0,"['fear', 'sadness']",train
ary_train_track_a_00148,الصوت الجميل',0,0,0,1,0,0,['joy'],train
ary_train_track_a_00149,ترتيبات فكازا استعدادا لزيارة ملكية مرتقبة,0,0,0,1,0,0,['joy'],train
ary_train_track_a_00150,ألهمكم الله و إيانا الصبر و السلوان ر حمة الله عليك يا #محسن_فكري,0,0,0,0,1,0,['sadness'],train
ary_train_track_a_00151,ها كيفاش دازت الاحتفالات بمعبر الكركرات فعيد المسيرة -تصاور,0,0,0,1,0,0,['joy'],train
ary_train_track_a_00152,عذرا بوصوفة... فالفرحة تأجلت إلى مونديال روسيا.',0,0,0,0,1,0,['sadness'],train
ary_train_track_a_00153,ويستمر التامك في تطهير سجون المملكة. إحالة موظفين بالمندوبية على القضاء بسبب عدم إنجاز محاضر رسمية حول المخدرات المحجوزة بالسجون,0,0,0,0,0,1,['surprise'],train
ary_train_track_a_00154,هاذي زوينة. مغاربة يحتجزون مغاربة فوق التراب الإسباني. تعطي الفلوس تمشي فحالك,0,0,0,0,0,1,['surprise'],train
ary_train_track_a_00156,المغرب غادي يستافد من معدات جديدة لمحاربة الحريگ بتمويل من الاتحاد الأوروبي,0,0,0,1,0,0,['joy'],train
ary_train_track_a_00158,where are those 😍😍😚 kanchofo ghir 9a3 d tanjra hnaya w 3ad zaydinha benefkha 😒😒😒,0,1,0,0,0,0,['disgust'],train
ary_train_track_a_00160,عبد النباوي يُحيل ملف ثقيل على الوكيل العام بفاس: فجروه المهندسون الطبوغرافيون والقضية فيها التزوير والمحافظة العقارية,0,0,0,0,0,1,['surprise'],train
ary_train_track_a_00161,ها رجل الاعمال اللي حصلوه كيتكرفس على ربيبتو وكيمارس عليها الجنس وهابشحال ضربوه,1,1,1,0,0,0,"['anger', 'disgust', 'fear']",train
ary_train_track_a_00162,المنشورات كيف مكان نوعها فقط التضامن مع محسن فكري الله يرحمو برحمته ويصبر أهله بارب,0,0,0,0,1,0,['sadness'],train
ary_train_track_a_00163,سكوب. “كود” تكشف حقيقة ما وقع يوم السبت الأسود فدونور وكيف انتفض “الإيغلز” ضد “الغرين بويز” بعد إشارة الراقي,1,0,0,0,0,0,['anger'],train
ary_train_track_a_00165,.أنهم تابعون مثل الجار والمجرور ويمشون ذلك انتخابات نزيهة وماهي إلا طبخة جاهزة تنتظر الموافقة فقط . ',1,0,0,0,0,0,['anger'],train
ary_train_track_a_00166,الدم كيوجد لزيارة ابن عرفة العدالة والتنمية للحسيمة. من حزبهم: بشاعة الصور تسائل مغرب حقوق الانسان,1,0,0,0,0,0,['anger'],train
ary_train_track_a_00167,"“الفاو”: أسعار المواد الغذائية فالعالم شاعلة فيها العافية بسباب الحرب فأوكرانيا,",0,0,0,0,1,0,['sadness'],train
ary_train_track_a_00168,الرميد: هناك تغول للقضاة في وجه وزارة العدل واين كان هؤلاء حينما كان يحاكم زملاؤهم خارج المساطر ايام بوزوبع,1,0,0,0,0,0,['anger'],train
ary_train_track_a_00169,بالصور.. نصّاب بوگوص طاح فتطوان: عندو 12 روشرش وها كيفاش كيقولب المستخدمات فالعيادات والمدارس الخاصة وها شنو لقاو عندو,0,0,0,0,0,1,['surprise'],train
ary_train_track_a_00170,طقوس سحر وشعوذة في مقبرة بالخميسات,0,1,0,0,0,1,"['disgust', 'surprise']",train
ary_train_track_a_00171,@<username> bonne nuit bassoumaaa . hna wladek o nti bentna hhhhhhhh tisbahi 3la alf khir #ibtissamtiskat #jevousaimelesfilles,0,0,0,1,0,0,['joy'],train
ary_train_track_a_00175,الحقيقة لي كايرفضوها بزاف د الرجال انه كاينين رجال فحالهم طوال عراض بموسطاشاتهم بمناصبهم بقرايتهم و”سومي” ! كايبغيو المرا تعفط عليهم و كايظلو يسيفطو للبنات فالانبكس ” بغيت نولي كلبك و نقوليك هاو هاو”! هاد الناس راه خاص نحتارمو الميول الجنسي ديالهم و ماشي فين مامشاو نضربوهم بالبيض!,1,0,0,0,0,0,['anger'],train
ary_train_track_a_00176,سعد لمجرد مقصح وكيدوي على المبالغة في الحب!,0,0,0,0,1,0,['sadness'],train
ary_train_track_a_00177,سخيف ههههههههه,0,0,0,1,0,0,['joy'],train
ary_train_track_a_00178,هدا شئ فاش حدكين يالعرب شوفو الفلسطنين قبل خيول',1,0,0,0,0,0,['anger'],train
ary_train_track_a_00180,الفرقة الوطنية وعناصر الديستي بسطات وقفو شخص لاشتباه فيه بالتطرف,0,0,1,0,0,0,['fear'],train
ary_train_track_a_00182,شوق وتمني بين سلمى رشيد ومراد بوريقي على “تويتر”,0,0,0,1,0,0,['joy'],train
ary_train_track_a_00183,ضربة موجعة للحريات الفردية.. القضاء يتابع مثلي بفاس بسبب لباسه,1,0,0,0,0,0,['anger'],train
ary_train_track_a_00184,أخرباش: كورونا خلفات بشكل حاد آثار على وسائل الإعلام وهادشي كيطرح مشاكل ديمقراطية,0,0,0,0,1,0,['sadness'],train
ary_train_track_a_00185,الصبليون ضربو مغربي ب12 عام دالحبس حقاش تعدى على مثلي مغربي وكان باغي يقتلو,1,0,1,0,1,0,"['anger', 'fear', 'sadness']",train
ary_train_track_a_00186,منظر رائع جداً.....',0,0,0,1,0,0,['joy'],train
ary_train_track_a_00187,حلاااااوة😍😍',0,0,0,1,0,0,['joy'],train
ary_train_track_a_00189,اودي كونما بنكيران والله لا سمعتي الاذان فدوزام هو الاخر,1,0,0,0,0,0,['anger'],train
ary_train_track_a_00190,لاربيتر ديال ماتش دالكورة تيرا بالقرطاس باش يوقف الروينة وسط التيران – فيديو,0,0,1,0,0,1,"['fear', 'surprise']",train
ary_train_track_a_00191,اوا شوف اسي نبيل الوضع الحقيقي  و قولها لسيك بنكيران راكم خرجتوا عل  المغاربة,1,0,0,0,0,0,['anger'],train
ary_train_track_a_00192,الوداد علن رسميا على إصابة 5 لعابا آخرين بكورونا,0,0,0,0,1,0,['sadness'],train
ary_train_track_a_00193,وفاة رائدة العمل الإنساني فالصحرا مديرة مكتب الهلال الأحمر فالعيون,0,0,0,0,1,0,['sadness'],train
ary_train_track_a_00194,لن تربح العدالة و التنمية لأن الشعب عاق بهم .,1,0,0,0,0,0,['anger'],train
ary_train_track_a_00195,dani dito walah makhalito dito o dani wallah makhalini dani dani dito wallah makhaito dito o dani rah howa zmani #رافاييل_نورت_تويتر,0,0,0,1,0,0,['joy'],train
ary_train_track_a_00197,الوردي يوقف مجموعة من الممرضين بسبب احتجاجهم ونقابات الصحية تندد,1,0,0,0,0,0,['anger'],train
ary_train_track_a_00198,وفقكم الله لما فيه الخير للبلاد و العباد',0,0,0,1,0,0,['joy'],train
ary_train_track_a_00199,متقاعد اهتك عرض قاصرين ف العرايش,1,1,0,0,1,0,"['anger', 'disgust', 'sadness']",train
ary_train_track_a_00200,وقفة تضامنية مع ضحايا الأحداث الإرهابية التي شهدتها الدار البيضاء,0,0,0,0,1,0,['sadness'],train
ary_train_track_a_00201,fakertini 3andi wa7ed sa7bi 3roubi en vacances en ce moment 3andek hahaha msawer m3a nejma dial tom cruise 😂😂😂 goultlo tafertih 😂😂😂,0,0,0,1,0,0,['joy'],train
ary_train_track_a_00204,جورنالات بلادي. قرارات عزل جديدة لرؤساء جماعات ونوابهم والقضاء يحقق في تسعة ملفات لتبييض أموال المخدرات والاختلاس والتزوير,0,0,1,0,0,1,"['fear', 'surprise']",train
ary_train_track_a_00205,awel haja galina tbib de khedma hya ke les fumeurs i9edo ichedu lvirus kter ikon kdeb 3lina 🤔🤔 o 3awtani rah kan galiya tes depressive o khassk tchufi psy 9bal ma diri fe rassk chi haja 🤷‍♀️🤷‍♀️🤷‍♀️,0,0,1,0,0,1,"['fear', 'surprise']",train
ary_train_track_a_00206,هاهو ابو عزرائيل مول المقدة اللي حالف يطحن الدواعش فينما مشاو,0,0,1,0,0,0,['fear'],train
ary_train_track_a_00207,✨ one think i do it for me ✨ kan7al 3iny f sba7 ou ntfakar da7kat moyye à hôtel dar eddaya,0,0,0,1,0,0,['joy'],train
ary_train_track_a_00208,قبل مقتله آخر كلمة قالها ...عاش الملك عاش الملك ...اللهم احفظ لنا ملكنا ...رحمة الله على فكري,0,0,0,0,1,0,['sadness'],train
ary_train_track_a_00209,صورة البنت لي دايرة فالفايس ماشي ديال ضحية المضيق والضحية الرابع هزوه للرباط,0,0,0,0,1,0,['sadness'],train
ary_train_track_a_00210,هل سيعفى ادريس بنهيمة من مهامه بينما يبقى الكلب حرا طليقا! نتمنى أن يشعر الكلب بوخز الضمير، ويتحمل مسؤولية ما وقع، كي لا تتسع دائرة ضحاياه,1,0,0,0,0,0,['anger'],train
ary_train_track_a_00211,ارتفاع عدد المصابين بفاس إلى 305 حالة ومكناس وصلات لـ102: ها أرقام الجهة كولها,0,0,1,0,1,0,"['fear', 'sadness']",train
ary_train_track_a_00213,لوبي المصحات الخاصة حالف يهلك جيوب المغاربة وف عز أزمة كورونا.. فتحو 44 مصحة جديدة فـ2020 وحتى وحدة مكاينة فالمناطق المهمشة,1,0,0,0,0,0,['anger'],train
ary_train_track_a_00214,دار صفحة فايسبوكية ونشر فيها صور جنسية مفبركة لقاصرات,0,1,1,0,0,0,"['disgust', 'fear']",train
ary_train_track_a_00215,حصيلة كورونا هاد السيمانة: 69 مغربي ومغربية ماتو وعدد الإصابات والحالات تحت العلاج ارتفع بزاف.. وها مناطق الخطر,0,0,1,0,1,0,"['fear', 'sadness']",train
ary_train_track_a_00217,احتجاجات كبيرة أمام محكمة الإستئناف بطنجة بعد فرض جواز التلقيح وغياب المحامين والموظفين خلق فوضى وتسبب فشلل داخل المحكمة,1,0,0,0,0,0,['anger'],train
ary_train_track_a_00218,الله آرحمه كلنا محسن فكري من مدينة وادي زم الله يأخذ الحق في الظالمين,1,0,0,0,1,0,"['anger', 'sadness']",train
ary_train_track_a_00219,حسن ناظر قولب طوشاك والناصري شاعل,1,0,0,0,0,0,['anger'],train
ary_train_track_a_00221,ikhlik lili a l7biba dyali,0,0,0,1,0,0,['joy'],train
ary_train_track_a_00222,كان افظل حاكم عربي',0,0,0,1,0,0,['joy'],train
ary_train_track_a_00224,wach katntadri mna nssaf9ou liik chej3iha f tissaaaa3 madam baghana n3tiwk tissaaaaaaaaaaaaaaa3,1,0,0,0,0,0,['anger'],train
ary_train_track_a_00225,الجامعة محيحة بالقرارات التأديبية هاد الأسبوع: ها شحال من فرقة جات فيها الدقة,1,0,0,0,0,0,['anger'],train
ary_train_track_a_00226,l3am li ja tl9ana ghir kantle9aw lbnadem 3emmerna terna. ya rebbi chi ghebara lcoombia ##url##,1,0,0,0,0,0,['anger'],train
ary_train_track_a_00227,مريم حطمات الرقم القياسي.عندها 40 عام ووالدة 44 دري,0,0,0,0,0,1,['surprise'],train
ary_train_track_a_00229,هل إدخال السياسة في الذين هذا هو اﻹسﻻم الله إنعل لي ميحشم,1,0,0,0,0,0,['anger'],train
ary_train_track_a_00230,السياسة حرب قدرة هي فن بيع الكذب للمواطنين البسطاء الخاسر الاكبر هو التنمبة والتقدم والعيش الكريم ؟,1,0,0,0,0,0,['anger'],train
ary_train_track_a_00231,عاش محمد السادس بلة به المغرب مي سوا والو,0,0,0,1,0,0,['joy'],train
ary_train_track_a_00233,نايضة بين النيابة العامة ودفاع بوعشرين بسباب الصحافي مبارك المرابط,1,0,0,0,0,0,['anger'],train
ary_train_track_a_00234,كارثة صحية.. تناول الطعام في المكتب,0,0,0,0,0,1,['surprise'],train
ary_train_track_a_00235,إصابة تقنية مختبر فسبيطار الداخلة رون السلطات,0,0,1,0,0,0,['fear'],train
ary_train_track_a_00238,فيديو مأساوي. بحارة فالناظور نقذوا 30 مهاجر وثلاثين اخرين مابان عليهوم خبار,0,0,0,0,1,0,['sadness'],train
ary_train_track_a_00239,انت خرجتي على حزب التقدم والاشتراكية وشباط على الاستقلال وداك راس البغل على الاتحاد الاشتراكي,1,0,0,0,0,0,['anger'],train
ary_train_track_a_00242,عاش الملك محمد السادس اللهم ادم علينا نعمة الامن والامان,0,0,0,1,0,0,['joy'],train
ary_train_track_a_00243,@<username> @<username> mohim laknti maghribiya mathadrich b smitna hna kanhma9ou 3la chi haja smitha zineb oussama ......&lt;3,1,0,0,0,0,0,['anger'],train
ary_train_track_a_00245,امتحان من عند الله سبحانه وتعالى لاختبار قدرتك على الصبر ان الله سبحانه وتعالى يجزي المؤمنين بما صبروا الله يقويك الله يقويك يارب',0,0,0,0,1,0,['sadness'],train
ary_train_track_a_00247,الحسيمة هادئة من يروج هده الصور ويريد اشعال الفتنة,1,0,0,0,0,0,['anger'],train
ary_train_track_a_00248,b7ala chftiha b3eynik hadi wa7d sata kant tadwi fl mosawat w kda w t9et3atsowlat wa7d sat wch 3ndk garro galliha kayn marquise gatlih oh merde,0,0,0,0,0,1,['surprise'],train
ary_train_track_a_00249,الملك محمد السادس يشعر بالمرارة من تصرفات فرنسا. غاضب من تصريحات سفير باريس في واشنطن وتصرفات المسؤولين الامنيين بباريس,1,0,0,0,0,0,['anger'],train
ary_train_track_a_00250,kan ja galbek kima galbi- cheb hasni ##url##,0,0,0,1,0,0,['joy'],train
ary_train_track_a_00251,حب من أول نظرة واخا مابقاوش يشوفو مزيان. عجوز فاتت ل100تزوجات راجل صغير عليها ب40 عام,0,0,0,0,0,1,['surprise'],train
ary_train_track_a_00253,شلل تام يضرب مختلف المحاكم الأسبوع المقبل,0,0,0,0,0,1,['surprise'],train
ary_train_track_a_00255,احتجاج بالسوتيامات ف الصين عى اعتقال سيدة تهموها ضربات بوليسي بأثداءها,0,0,0,0,0,1,['surprise'],train
ary_train_track_a_00257,wakha hna kolna mgharba n3tik exempls ana ghir wa9fa kan3ayan fakhti jani wahad haz 9ard gali khodi tsawri,0,0,0,0,0,1,['surprise'],train
ary_train_track_a_00259,الثلوج حاصرات جبال الأطلس,0,0,1,0,0,0,['fear'],train
ary_train_track_a_00260,"الحقوق المهضومة"""""""""""""""" '",1,0,0,0,0,0,['anger'],train
ary_train_track_a_00261,اللهم ارحم محسن فكري واغفر له والهم دويه الصبر,0,0,0,0,1,0,['sadness'],train
ary_train_track_a_00264,الدولة تحارب الارهاب علاش متحاربش هدشي راه الناس كيعانيو بزاف من هاد ...,1,0,0,0,0,0,['anger'],train
ary_train_track_a_00268,@<username> chofo li labess ahmarrr,0,0,0,0,0,1,['surprise'],train
ary_train_track_a_00272,"مزال دايخ.. زعيم البوليساريو: مافهمناش هاد التحول الخطير فموقف إسبانيا من ملف الصحرا,",0,0,0,0,0,1,['surprise'],train
ary_train_track_a_00274,"عاجل. انفجارات مجهدة فالعاصمة الأوكرانية هاد الصباح.. وموسكو: دكَدكَنا وحدة خاصة بإنتاج صواريخ أرض جو فأوزين “فيزار”,",0,0,1,0,0,0,['fear'],train
ary_train_track_a_00275,wa hantouma gha la manghitouch 😂,0,0,0,1,0,0,['joy'],train
ary_train_track_a_00276,محتاجينها مع جايحة كورونا.. كاتي بيري خرجات أغنية جديدة كلها فرحة وحياة زوينة وابتسامة,0,0,0,1,0,0,['joy'],train
ary_train_track_a_00278,wa5a kdob ktjina nfs saraha kayb9a fiya l hal nchouf chiwahd fayt hanane wla rapha wakha tkoun lmosaba9a tafha,0,0,0,0,1,0,['sadness'],train
ary_train_track_a_00279,بعد خسارة رئاسة الحكومة و خسارة الامانة العامة للحزب، نعلن رسميا نهاية مرحلة بن كيران السيئة',0,0,0,1,0,0,['joy'],train
ary_train_track_a_00280,مشرمل طنجة لي بان في فيديو هاز سيف طاح فيد البوليس,0,0,1,0,0,0,['fear'],train
ary_train_track_a_00281,hanona akhlaak hnina driyfaa tayiba kalbaa byat makat3raf ghira o hessed #كلمة_حب_للسلطانة_حنان,0,0,0,1,0,0,['joy'],train
ary_train_track_a_00282,الجمعية المغربية لحقوق الإنسان: أسر معوزة تقصات من دعم صندوق “كورونا” وكاين عون سلطة بفاس ابتز شي حد,1,0,0,0,1,0,"['anger', 'sadness']",train
ary_train_track_a_00283,هيئات الدفاع عن الراضي والريسوني: محاكماتهم ماشي عادلة وفيها خرق لقانون المسطرة الجنائية.. وكنطالبو بإطلاق سراحهم ودخول الريسوني للإنعاش,1,0,0,0,0,0,['anger'],train
ary_train_track_a_00284,“ما بغيتش نتحمل الخطيئة”.. مغني روسي مشهور انتحر باش ما يشاركش في الحرب ضد أوكرانيا,0,0,0,0,1,0,['sadness'],train
ary_train_track_a_00286,لمواكبة الفلاحين وتحديد احتياجاتهم.. مجموعة القرض الفلاحي للمغرب وsowit دارو شراكة,0,0,0,1,0,0,['joy'],train
ary_train_track_a_00287,الله أكبر الله أكبر تقبل الله صيامكم الأصدقاء و بالصحة فطوركم day_8,0,0,0,1,0,0,['joy'],train
ary_train_track_a_00288,فهم تحماق فالعيون. محسوب على التيار الانفصالي يشارك فالانتخابات: ابن عم اميناتو حيدار يطمح لاعادة امجاد ازركيين وابعاد الركيبات عن المريسة,0,0,0,0,0,1,['surprise'],train
ary_train_track_a_00289,"@<username> iwa chofih chno zad 9al daba a bent l7ayawan !! 9al anaho kan kaytfala, w min ma ye3ref ibtissam ! chokran ^^",1,0,0,0,0,0,['anger'],train
ary_train_track_a_00290,كضحك عليهم والله العظيم لحسن منك باش ما بغيتي اوجه البطبوطة هادوك رجال مشي بحالك كتساين جيم ديال الناس باش تاكل خبيز وفرماجة ',1,0,0,0,0,0,['anger'],train
ary_train_track_a_00291,اليوم الاثنين تنطلق محاكمة عشريني مغربي بإسبانيا بتهمة التمجيد بالارهاب بعدما نشر فيديوهات لصالح تنظيم القاعدة تحت إسم الملا عمر,0,0,0,0,1,1,"['sadness', 'surprise']",train
ary_train_track_a_00292,البيان الشوهة ديال الاحزاب ب4: ها اللي قلق بنكيران وخرج عقلو: جبدو الملك ودخلوه فالمفاوضات وهاجمو حكومتو اللي كان الاحرار والحركة فيها,1,0,0,0,0,0,['anger'],train
ary_train_track_a_00293,كلنا محسن فكري الي مات حنت تيبيع بالجملة حوت تاع الباونات توع الحوت,0,0,0,0,1,0,['sadness'],train
ary_train_track_a_00294,@<username> wa l eval mem si sot ala 9adou mais les idee kanou mtart9in madayrinch,0,0,0,1,0,0,['joy'],train
ary_train_track_a_00296,بالفيديو. إنتشال جثة وزير بلجيكي سابق إنتحر صباح اليوم، والاشتباه في إنتحاره بسبب قضية إستغلال جنسي لمغربية,0,0,0,0,1,0,['sadness'],train
ary_train_track_a_00297,ان عنف مثل هدا الفصيلة الافريقية مثل عنف القردة المتوحشة وبهدا التمرد المفتعل الخطير',0,0,1,0,0,0,['fear'],train
ary_train_track_a_00299,ها مصير معلمة مراكش لي كتبيع بنتها للراغبين في ممارسة الجنس.. وها علاش تجرات معاها حتى ختها في القضية,0,1,0,0,0,0,['disgust'],train
ary_train_track_a_00302,فيديو ديال خليجي مقصر مع مغربيات في البحر منوضها في الفايس,0,1,0,0,0,0,['disgust'],train
ary_train_track_a_00303,ياله من شرير',1,0,0,0,0,0,['anger'],train
ary_train_track_a_00304,مغربية محيحة ف «ذا فويس» فرنسا (فيديو),0,0,0,1,0,0,['joy'],train
ary_train_track_a_00307,@<username> bisou twahachtak bzaf goulina chi khbar zwin,0,0,0,1,0,0,['joy'],train
ary_train_track_a_00308,التهريب الدولي للمخدرات.. البوليس و بتنسيق مع الديستي والجدارمية حجزو أكثر من طن ديال الحشيش نواحي الراشيدية,0,0,0,0,0,1,['surprise'],train
ary_train_track_a_00309,@<username> @<username> @<username> pffffffffffffff ache had 3a9liya 9lat tanchkar ga3 jomhori ou maba9ich li taybri hanane taybriha kif kant,1,0,0,0,0,0,['anger'],train
ary_train_track_a_00310,حسبي الله ونعم الوكيل محاولة خلق أعذار للفشل أعذار تافهة',1,0,0,0,1,0,"['anger', 'sadness']",train
ary_train_track_a_00311,تعجبني هذه المدينة الى درجة اني اتمنى ان اكمل ما بقي من حياتي فيها قضيت فيها ايام رائعة طيلة دراستي الجامعية هناك',0,0,0,1,0,0,['joy'],train
ary_train_track_a_00313,القرطاس محيح فاولاد التايمة. الرواية البوليسية: ضربنا القرطاس باش نقدو حياة بنادم,0,0,0,0,0,1,['surprise'],train
ary_train_track_a_00314,المخزن تالف. الديوان الملكي قصف بنعبد الله بطريقة غير مسبوقة مع زعماء احزاب ومخزن دوزيم عرض عليه وكرر نفس تصريحاته حول التحكم واستمراره,1,0,0,0,0,0,['anger'],train
ary_train_track_a_00318,إعتقال مغربي فهولندا بعد مذكرة بحث دولية بتهمة تفجير 17 صراف آلي,0,0,0,0,0,1,['surprise'],train
ary_train_track_a_00320,لقاء ممتع فيه كل شيء.صراحة',0,0,0,1,0,0,['joy'],train
ary_train_track_a_00321,قاليك إلا عطاك العاطي لا تحرث لا تواطي! علاش فرانسا ماحاملاش قطر و كاتحسدها؟‎,1,0,0,0,0,0,['anger'],train
ary_train_track_a_00322,عشرين عام ديال الحبس فحق الخياطة اللّي قتلات العشيق ديالها,0,0,0,0,1,0,['sadness'],train
ary_train_track_a_00323,فرنسا دولة العدالة لا تعترف بالأسماء فما بالك بفنان عربي له سوابق في نفس الموضوع,1,0,0,0,0,0,['anger'],train
ary_train_track_a_00324,oui bassoma hna dima m3ak,0,0,0,1,0,0,['joy'],train
ary_train_track_a_00325,البغدادي كيجمع الميداليات والمشاهير!. بطل العالم في الملاكمة التايلاندية ينضم لداعش,0,0,0,0,0,1,['surprise'],train
ary_train_track_a_00327,غير التحت ، الفوق لا 😂,0,0,0,1,0,0,['joy'],train
ary_train_track_a_00329,اللهم صيبا نافعا.. نقول بعده : مطرنا و الحمد لله',0,0,0,1,0,0,['joy'],train
ary_train_track_a_00330,من غير الحليف التقليدي فرنسا. ناصر بوريطة فشل يجيب أصوات أوروبية أخرى تدعم مبادرة الحكم الذاتي علانية.. وعلاش غابت إسبانيا لّي هي المستعمر التاريخي للصحرا المغربية ؟,0,0,0,0,1,0,['sadness'],train
ary_train_track_a_00331,بدلا من ان تتحدث عن سعد؟ تحدث عن محسن لي طحنوه وضحى يحياته في سبيل قوت يومه,1,0,0,0,0,0,['anger'],train
ary_train_track_a_00334,دخلنا للديموقراطية الحسنية بيس. ايلى خسرتي الانتخابات وما كانتش عندك شعبية وحزبك ما عندو وجود فالمجتمع ولا خرجتي على بوه يمكن ليك دير حكومة واخا ملك لبلاد عين رئيسها غير بقى غير تسنى التعليمات وغادي تربح,1,0,0,0,0,0,['anger'],train
ary_train_track_a_00335,hbiba nbghiwk bzf fmaroc khlik m3a ihab hanan rafa ghniw mghribi goli lihom ighniw lik happy birth day #socialmedianight #souhailabenlachhab,0,0,0,1,0,0,['joy'],train
ary_train_track_a_00336,hadi li khassha wissam machi dounia batma,1,0,0,0,0,0,['anger'],train
ary_train_track_a_00337,جنازة مهيبة للشيخ بوخبزة وتجمع غفير وإن دل ذلك فإنما يدل على مدى المحبة و الإحترام اللذان يحظى بهما الفقيد تغمده الله برحمته,0,0,0,0,1,0,['sadness'],train
ary_train_track_a_00339,"تفاصيل لقاء ممثلي باطرونات سطاسيونات الوقود بالمغرب مع السفارة الامريكية.. وكيفاش وزارة بنعلي هبطات كواريها وتحاورات معهم,",0,0,0,0,0,1,['surprise'],train
ary_train_track_a_00340,لمن تعاود خطابك يا محمد السادس: خاطب مجلس فيه 10 بالمائة فيهم متهمين: تمثيل المواطنين امانة عظمى عليكم اداءها تجاه الناخبين والاشخاص راحلون والمؤسسات دائمة,1,0,0,0,0,0,['anger'],train
ary_train_track_a_00341,قبل القمة الافريقية. وزير خارجية الدزاير مازال كيروج لأوهام الجنرالات بالمنطقة.. حاول ينسق مواقف بلادو المعادية مع تشاد اللي أصلا سحبات اعترافها بالبوليساريو هادي اكثر من 14 عام,1,0,0,0,0,0,['anger'],train
ary_train_track_a_00343,youssef hawari شكرا لك أخي الكريم و لأمثالك من المغاربة الأحرار تحياتي,0,0,0,1,0,0,['joy'],train
ary_train_track_a_00344,واش ديال البي جي دي تقولب ففضيحة المخدرات فاسفي. المخبر يهدد يقلب الطاولة على الدرك في قضية لبزيوي,1,0,0,0,0,0,['anger'],train
ary_train_track_a_00345,فـ خطاب شابع نظرية المؤامرة كيف العادة.. تبون: كاينين بؤر توتر فـ دول الجوار وبغينا نعززو العلاقات مع ميريكان وروسيا والصين,1,0,0,0,0,0,['anger'],train
ary_train_track_a_00347,ريزو ديال الحريكَ والاتجار فالبشر طاح فيد البوليس فطانطان,0,0,1,0,0,0,['fear'],train
ary_train_track_a_00349,@<username> @<username> ra2is gal lk kayn l9lawi n3am asidi,1,1,0,0,0,0,"['anger', 'disgust']",train
ary_train_track_a_00352,بالفيديو. شرين عطاتها للشطيح والرديح مع زوجها بعد القرار النهائي الي صدراتو محكمة مصرية فالقضية ديالها,0,0,0,1,0,0,['joy'],train
ary_train_track_a_00353,ouiiiii fa9ssounii hadak rapha ra khatirrr howa w 3abas mn lawal mahmalthomch,1,0,0,0,0,0,['anger'],train
ary_train_track_a_00354,الكريساج ديال الطوموبيلات فالمحمدية.. مول الفلعة تشد اليوم وكيدير راسو “متشرد” بلش يشفر,0,0,0,0,0,1,['surprise'],train
ary_train_track_a_00356,"حطات بيبي فالخلا ومات من بعد.. جنايات فاس ضربات مرا بعام نافذة,",0,0,0,0,1,0,['sadness'],train
ary_train_track_a_00357,@<username> wa nti t pas vu le message li sefett l hanan fikoum ghir lhedraa tfo,1,0,0,0,0,0,['anger'],train
ary_train_track_a_00358,قصة أخرى ورا اختطاف قاصر فدكالة وطلب فدية 30 ألف درهم لتحريرها,0,0,0,0,0,1,['surprise'],train
ary_train_track_a_00360,الإنسان عديم الإنسانية هو من يغتصب الأطفال وغير الأطفال بل يغتصب حتى نفسه. ',1,1,0,0,0,0,"['anger', 'disgust']",train
ary_train_track_a_00362,أخبار على تماسيح خرجو من النيل وخلعو المصريين.. والوزارة ردات,0,0,1,0,0,1,"['fear', 'surprise']",train
ary_train_track_a_00364,طبيب مغربي من الناجين من مجزرة باريس: جواز سفري انقدني من الموت,0,0,0,0,1,1,"['sadness', 'surprise']",train
ary_train_track_a_00365,كريم طابو أحد أشهر الوجوه ديال حراك الدزاير خرج من الحبس,0,0,0,0,0,1,['surprise'],train
ary_train_track_a_00366,الله آرحمه كلنا محسن فكري من مدينة تطوان الله يأخذ الحق في الظالمين,0,0,0,0,1,0,['sadness'],train
ary_train_track_a_00367,باب الصحراء يغلي ضد آل بلفقيه.. وأعيان يتوجهون إلى القصر الملكي,1,0,0,0,0,0,['anger'],train
ary_train_track_a_00369,مزاد علني فيه رسائل مارسيل بروست فشل.. 16 رسالة مداها فيها حد,0,0,0,0,1,1,"['sadness', 'surprise']",train
ary_train_track_a_00370,ربي يحفظك ان شاء الله',0,0,0,1,0,0,['joy'],train
ary_train_track_a_00372,#كفى_من_العبث',1,0,0,0,0,0,['anger'],train
ary_train_track_a_00373,الممثلة سناء عكرود كتطلب وتزاوكَ باش المسؤولين يخففو العقوبة على “مي نعيمة” بعدما جابتها فراسها وتحكم عليها بعام ديال الحبس,0,0,0,0,1,0,['sadness'],train
ary_train_track_a_00374,فيديو فضح قضية كبيرة ديال احتجاز وضرب وجنس ف بوزنيقة,1,1,1,0,0,0,"['anger', 'disgust', 'fear']",train
ary_train_track_a_00376,مول فضيحة إرسال طائرة محملة ب «أشباه الفنانين» إلى الحسيمة يسأل من قبل قضاة جطو. خرجع قطاع السياحة ودار صفقات مشبوهة,0,0,0,0,0,1,['surprise'],train
ary_train_track_a_00377,"الحكومة عطات هدايا جديدة للمقاولات الوطنية لي كتشد الصفقات العمومية..منها تمديد آجال الأشغال واسترجاع الضمانات وفسخ الكونطرا وديا,",0,0,0,1,0,0,['joy'],train
ary_train_track_a_00380,الحكومة كاااااين لي كيحكمها بن كيران راه غي ادا مسرقش الدولة يكفيييينا وحنا متؤكدين من نزاهتو وياريت كل واحد يقوم بداورو عوض هاد الهجمات والمكاااائد,1,0,0,0,0,0,['anger'],train
ary_train_track_a_00381,"وزيرة السياحة محزمة بالمؤثرين والمؤثرات. بغات “فرصة” توصل باهانة الصحافة واقحام المؤثرين,",1,0,0,0,0,1,"['anger', 'surprise']",train
ary_train_track_a_00382,المخزن شبع خبز و زاع تحياتي لكم من تركيا بلد العدالة و التنمية,1,0,0,0,0,0,['anger'],train
ary_train_track_a_00383,@<username> @<username> @<username> harb ta7rir ???? hahahaha dawla lwahida li khrjat mnha fransa ble vote b3d manaktkom o 9tlat 5 mlyoun hhhh 7wala din mkom ##url##,1,1,0,0,0,0,"['anger', 'disgust']",train
ary_train_track_a_00385,وهادا مقاتل ماشي قائد. اتهام قائد بالعيون بالتسبب بعاهة مستدامة ـ صورة الضحية‎,0,0,0,0,1,1,"['sadness', 'surprise']",train
ary_train_track_a_00386,طلبة قاعديون بمكناس يدخلون في إضرابات مفتوحة عن الطعام بسجن تولال تضامناً مع رفاقهم بسجن عين قادوس,0,0,0,0,1,0,['sadness'],train
ary_train_track_a_00387,خاص. اعتقال سعودي فمطار محمد الخامس بباسبورات ديبلوماسية مزورة,0,0,0,0,0,1,['surprise'],train
ary_train_track_a_00389,"الفلاحة هاد العام.. كثر من 50 فالمائة من محصول الحبوب ضاع و352 ألف هكتار حالتو سيئة,",0,0,0,0,1,0,['sadness'],train
ary_train_track_a_00390,سنة هجرية سعيدة.... مليئة بالنجاحات و المسرات و التوفيق من الله عز و جل.... ',0,0,0,1,0,0,['joy'],train
ary_train_track_a_00391,مغربية داعشية تقتل طفلها و تدفنه في حديقة لانه شيطان,0,1,1,0,1,0,"['disgust', 'fear', 'sadness']",train
ary_train_track_a_00392,شهادات من الامارات2: وحدة من المغربيات الي عايشين فالخليج توفات! وها التصريحات ديالها لكود قبل ماتموت + صور,0,0,0,0,1,0,['sadness'],train
ary_train_track_a_00393,تضامن واسع مع الزميل عمر راضي..رحاب: تضييق غير مقبول وعمر عبر على رأيو والمفروض يتابع بقانون النشر والصحافة,0,0,0,0,1,0,['sadness'],train
ary_train_track_a_00395,أخنوش من بني ملال: مرحبا بصحاب اغراس اغراس,0,0,0,1,0,0,['joy'],train
ary_train_track_a_00396,@<username> @<username> hhhhhh ih maybqach fina l7al fach kaychej3o 3enza rah ghir mkl5iine,1,0,0,0,0,0,['anger'],train
ary_train_track_a_00397,wlah matfro insana tafha ma3ndha hta hadaf f hyatha bghat ghir nas igolo 3liha zwina tfoo,1,0,0,0,0,0,['anger'],train
ary_train_track_a_00398,البي جي دي على البرلمانيين المستشارين لي تمردو: مبقيتوش معنا ومعندكمش الحق فالتمثيلية باسم الحزب,1,0,0,0,0,0,['anger'],train
ary_train_track_a_00399,anari mal saad o da3ch mafhamtch,0,0,0,0,0,1,['surprise'],train
ary_train_track_a_00400,العيون جاهزة لأكبر مسيرة في تاريخها .. الولاية البلدية الأمن جاهزين والمدينة دخلها لحد الان عشرة آلاف,0,0,0,1,0,1,"['joy', 'surprise']",train
ary_train_track_a_00401,البوصيري شعلها بالغش في البطولة : برشيد مشى للمحكمة,0,1,0,0,0,1,"['disgust', 'surprise']",train
ary_train_track_a_00403,ضربة جديدة للديستي. شبكة ديال تزوير لفلوس والنصب عبر مواقع التجارة الالكترونية طاحت فيد البوليس,0,0,0,0,0,1,['surprise'],train
ary_train_track_a_00405,charaff liya khtii abi ikhalikk,0,0,0,1,0,0,['joy'],train
ary_train_track_a_00407,"العدول كاعيين على وهبي. .مسودة قانون مهنة التوثيق شعلات الاحتجاج واتهامات للوزير بالاقصاء,",1,0,0,0,0,0,['anger'],train
ary_train_track_a_00408,البطل المغربي زكرياء التجارتي ربح النسخة الرابعة للجائزة الدولية الكبرى ديال الملك محمد السادس للكيك بوكسينغ,0,0,0,1,0,0,['joy'],train
ary_train_track_a_00411,"نظام العسكر فالدزاير : كندينو عمليات القصف اللي كتقوم بيها القوات المغربية ف”المنطقة العازلة”,",0,0,0,0,0,1,['surprise'],train
ary_train_track_a_00412,ها التصطية ديال الانتخابات بدات. مستشار دخل بلدية سوق الاربعاء الغرب وبغى يحرق راسو بليصانص وها علاش,0,0,0,0,0,1,['surprise'],train
ary_train_track_a_00413,روينة فمجلس جهة الداخلة.. والمعارضة حطات شكاية فبيرو الوالي بسباب تبخيس مجهودات الدولة -وثيقة,1,0,0,0,0,0,['anger'],train
ary_train_track_a_00414,عوتني طل علنا مول الكراطة اد المرة عطواه وزارة المالية بش نبقاو على الضس,1,0,0,0,0,0,['anger'],train
ary_train_track_a_00415,سعد لمجرد كشف على التاريخ لي غادي يلوح فيه أغنيتو الجديدة “نجيبك”,0,0,0,1,0,0,['joy'],train
ary_train_track_a_00416,"الشفار “ولد العساس” اللي رونها كَريساج ففاس تشد مع صاحبو,",0,0,1,0,0,0,['fear'],train
ary_train_track_a_00417,بوليس تركيا فركش عرس وعتاقل لعريس ووالديه بسباب لعروسة لي مازال برهوشة,1,1,0,0,1,1,"['anger', 'disgust', 'sadness', 'surprise']",train
ary_train_track_a_00418,حفل زواج الكلب الكندي “روبي” في طنجة يخلق ضجة. العرس أحيته فرقة موسيقية محلية عريقة,0,0,0,0,0,1,['surprise'],train
ary_train_track_a_00419,تنظيم “داعش” يُهدّد حسناء العراق شيماء قاسم,0,0,1,0,0,0,['fear'],train
ary_train_track_a_00420,حراك الريف. جوج معتقلين فالحسيمة كيتسناهوم حكم بعشرين سنة,0,0,0,0,0,1,['surprise'],train
ary_train_track_a_00421,bezaaaaaf tebe9a te9eraa te9eraaa moura douctoura ou 3ad chouf wach tefehem had 😂😂😂😂,0,0,0,1,0,0,['joy'],train
ary_train_track_a_00422,خلية اولاد نمة الارهابية: من عامين ل4 سنين ل4 اعضاء,0,0,1,0,0,0,['fear'],train
ary_train_track_a_00423,اطلاق سراح قياديين بالرباط والبيضاء بعد توقيفهما والسبب توزيع بيانات مقاطعة الانتخابات,0,0,0,0,0,1,['surprise'],train
ary_train_track_a_00424,تفاصيل صادمة عن اتهام مدير ثانوية بالتحرش بأزيد من 8 تلميذات داخل المؤسسة التعليمية,0,1,0,0,0,1,"['disgust', 'surprise']",train
ary_train_track_a_00426,😂😂😂😂😂😂 wach kangoliiik mn sbaa7 stolllaaa wsafiiii nariii m3amn 7na kayb9aw ghir kaybazloo lhadra lkhawya bla may9albo w sm ma3ndhach producer asslan homa kaynzal 3lihom lwa7y 😂😂,0,0,0,1,0,0,['joy'],train
ary_train_track_a_00427,حياتي انتظر اغنيتك بفارغ الصبر وراح يكون احلى يوم واخيرا من بعد غيبة طويلة راح ترجع تنور شاشات tv ومواقع التواصل باغنيتك الرائعة',0,0,0,1,0,0,['joy'],train
ary_train_track_a_00428,akid ya ahla hanooooan mmmmah 3lik khask takoni 9wiya bzaf arifiya dyaliiiiii,0,0,0,1,0,0,['joy'],train
ary_train_track_a_00429,البوندسليغا. البايرن جاب اللقب للمرة السادسة على التوالي,0,0,0,1,0,0,['joy'],train
ary_train_track_a_00432,هنا بعض المعلقين وصلت بهم الغباء الى حد تجعله يهاجم النصارى',1,0,0,0,0,0,['anger'],train
ary_train_track_a_00433,هاد الحكومة كلشي طالع ليها واقتصادنا بيخير. نسبة النمو في الاشهر الثلاث الاخيرة بلغت 4.6 بالمائة,0,0,0,1,0,0,['joy'],train
ary_train_track_a_00435,"واش إشارة للإعتراف بمغربية الصحرا؟. التلفزيون الرسمي فهولندا نشر خريطة المغرب مكمولة,",0,0,0,1,0,1,"['joy', 'surprise']",train
ary_train_track_a_00436,أغنية جمبلة بتوفيق نجوى',0,0,0,1,0,0,['joy'],train
ary_train_track_a_00437,مختل عقلي دبح مو بجنوبية نواحي اسفي,0,0,1,0,1,0,"['fear', 'sadness']",train
ary_train_track_a_00438,من أجمل المناظر الطبيعية في فصل الشتاء ، تلك التلال من الثلوج ، التي تتيح للسائح التمتع بممارسة رياضة الثلج  على الجليد ، و اللعب على الجليد و الاستمتاع به ،والاستمتاع بالأماكن الثلجية الجميلة والهادئة',0,0,0,1,0,0,['joy'],train
ary_train_track_a_00440,الدولة الفقيرة هي المغرب الشعب يعاني من تهميش والبطالة لا حول ولا قوة إلا بالله,1,0,0,0,0,0,['anger'],train
ary_train_track_a_00441,كوريا الشمالية صنعات حوايج كيتكالو,0,0,0,0,0,1,['surprise'],train
ary_train_track_a_00442,على هاد صندوق مازال متصلح 🤔🤔🤔 و زيادة على ذالك ما فائدة الصندوق و أنتم حررتم أسعار نفط و منتوجات غذائية',1,0,0,0,0,1,"['anger', 'surprise']",train
ary_train_track_a_00443,عاجل. النيابة العامة تثقل الكاريكاتيريست خالد كدار بتهم خطيرة وتقرر متابعته في حالة سراح,0,0,0,0,1,1,"['sadness', 'surprise']",train
ary_train_track_a_00445,مقدم مشا يدير خدمتو ويراقب العشوائي جات فيه حجرة وهزوه لبيت الخطار,0,0,1,0,1,0,"['fear', 'sadness']",train
ary_train_track_a_00446,تيق ولا ما تيقش. أول رجل في العالم يعيش بلا قلب وها كيفاش قدر يعيش + فيديو,0,0,0,0,0,1,['surprise'],train
ary_train_track_a_00448,يفرحون بما ليس لهم و ما لا ينتمي لهم ',0,0,0,1,0,0,['joy'],train
ary_train_track_a_00449,فيصل عزيزي محتفل ب200 ألف مشاهدة بطريقة خاصة,0,0,0,1,0,0,['joy'],train
ary_train_track_a_00450,بعد أنباء عن سوء معاملة المهاجرين المغاربة في نقاط العبور لجنة استطلاعية برلمانية لتتبع ظروف عودتهم,0,0,0,1,1,0,"['joy', 'sadness']",train
ary_train_track_a_00451,"@<username> @<username> sob7an lah t7arar wlala ach dakhlok ? 3lach dakhlin chbo9na ?? kola ydkhal so9 jwah w baraka man ramy somom,7tarmi",1,0,0,0,0,0,['anger'],train
ary_train_track_a_00452,hhhhhhhhhhhhhhhh dahk rafihouum omahassin biiih ila bghaw ihadro iba3do 3la moda whadro khenzethom akbar dalil hhhh,1,0,0,0,0,0,['anger'],train
ary_train_track_a_00454,لا تيأس يا كريم التازي! تعال نؤسس أنا وأنت حزبا جديدا. ومنك الدعم واللوجستيك . ومني أن أجمع لك اليساريين من كل الأنواع. وبثمن لا مثيل له في السوق,0,0,0,0,1,0,['sadness'],train
ary_train_track_a_00455,ناس جهة العيون فرحو بعدما مشى بوشعاب يحظية وطلبو مايكونش الوالي الجديد بحال لي سبقوه,0,0,0,1,0,0,['joy'],train
ary_train_track_a_00457,هادا مشى بعيد فحقارتو. أرناكور بغا 2000 درهم كل سيمانة من شاب اغتصبو بالعنف,1,1,0,0,0,0,"['anger', 'disgust']",train
ary_train_track_a_00458,ماعرفوه واش حراكَ ولا مقتول. البحر ديال المضيق لاح جثة شاب,0,0,0,0,1,0,['sadness'],train
ary_train_track_a_00460,هجوم طاراغونا اصيب فيه بوليسي صبليوني وست مدنيين,0,0,1,0,1,0,"['fear', 'sadness']",train
ary_train_track_a_00461,"القضية اللي فرشاتها “كود”. اللي طلع متهم بالنصب على المتبرعين هو الدكتور التازي ومراتو . 8 ضحكو على محسنين وعلى الضمان الاجتماعي,",0,1,0,0,1,0,"['disgust', 'sadness']",train
ary_train_track_a_00462,بربك قلي من أنت,0,0,0,0,0,1,['surprise'],train
ary_train_track_a_00464,صدمة بعد وفاة الوافا. ها اش كتب الازمي وبنعبد الله على رحيلو,0,0,0,0,1,1,"['sadness', 'surprise']",train
ary_train_track_a_00465,الجزيرة تخلطو ليها لعرارم. لالة حسناء ولات لالة الحسن (صورة),0,0,0,0,0,1,['surprise'],train
ary_train_track_a_00466,الرئيس الفرنسي ماكرون: ها شحال غادي نزيدو فالأجور,0,0,0,1,0,0,['joy'],train
ary_train_track_a_00467,ميسي ونيمار في تحدي من نوع خاص… شكون غلب؟ (فيديو),0,0,0,0,0,1,['surprise'],train
ary_train_track_a_00468,الأغنية الجديدة ديال بيلي آيليش حققات نجاح كبير بزاف – فيديو,0,0,0,1,0,0,['joy'],train
ary_train_track_a_00469,هاي الوضع الذي الت اليه الامه لما انعيش مع الغرباء في بلادهم ولا ماذا تتوقعين من شعب ليس له تاريخ سكانها الهنود الحمر راحوا وسكنوا فيها لمم اوروبا وعجبي',1,0,0,0,0,0,['anger'],train
ary_train_track_a_00470,تبارك الله عليك معلم ف كلشي جاتك زوينة واعرة فيها دلالة امازيغية واصالة مغربية تحياتي لك',0,0,0,1,0,0,['joy'],train
ary_train_track_a_00471,نايضة في «الفايس» بسبب تفتيش بوليسيات لنساء كن في انتظار مرور الملك (فيديو),1,0,0,0,0,1,"['anger', 'surprise']",train
ary_train_track_a_00472,ان لله وان اليه راجعون ولا حول ولاقوة الابالله العلي العظيم',0,0,0,0,1,0,['sadness'],train
ary_train_track_a_00473,شوفو لحماق. الوليد بن طلال شرا عشرة كلمات مكتوبة بنصف مليون ريال وها علاش + صورة,0,0,0,0,0,1,['surprise'],train
ary_train_track_a_00474,ها أقصر وأطول ساعات الصيام فبلدان العالم,0,0,0,0,0,1,['surprise'],train
ary_train_track_a_00475,الجزائر بتواطؤ رئيس موريتانيا باغية الحرب مع المغرب. دفعات البوليساريو دير منطقة حدودية بالكركرات وكاليك باغية تراقب,0,0,1,0,0,0,['fear'],train
ary_train_track_a_00476,إيطالية بغات تغتصب مغربي في الشارع. السيد عونوه غير برجليه ولكن شبعات فيه عضان,0,1,1,0,1,0,"['disgust', 'fear', 'sadness']",train
ary_train_track_a_00477,حادثة سير بالحسيمة تنهي حياة شيخ كان راجلا، وإصابة سائق السيارة بجروح خفيفة + صور,0,0,0,0,1,0,['sadness'],train
ary_train_track_a_00478,فقضية البحري. راه هو المتهم الاول واللي متهم اكثر هو اللي سمح ليه لسنوات يوظف اسم رئيس الدولة ويخلع بيه الناس وما وقع مع بنت الداودي ادانة لهادوك اللي ضصروه,1,0,0,0,0,0,['anger'],train
ary_train_track_a_00479,فهاد البلاد ما كاين لا دين لا قانون شي يشرق اوشي اغرب شي احلال اوشي احرم شي اطبق القانون اوشي اقلب على الثغرات فالقانون ',1,0,0,0,0,0,['anger'],train
ary_train_track_a_00480,حقا خاصنا الأمن وخاصنا البوليس ولكن لي خاصنا كثر هو نظام قضائي صارم ونزيه ، ومايبقاش بنادم يدير المونتيف وتجي ختو من الإمارات تفاصل عليه ويدوز عام ويخرج ، وفهاد العام يدوزها ضارب سيرفيطات لاكوسط وكوبرى ، وكيضرب القس لي عمرو حلم بيه برا,1,0,0,0,0,0,['anger'],train
ary_train_track_a_00482,"كم يؤلمني أن ارى هؤلاء """"""""""""""""الدكاترة على الورق"""""""""""""""" ... لا زين لا مجيب بكري !! فهاؤلاء لا يهمهم إلا راتب الأستاذ الجامعي'",1,0,0,0,1,0,"['anger', 'sadness']",train
ary_train_track_a_00483,فهم تتصطا. بوليسي يروج لقرص مخدر منتشر بالبيضاء,0,0,0,0,0,1,['surprise'],train
ary_train_track_a_00484,"الكَيرا فأوكرانيا.. القوات الروسية بدات هجوم جديد فإقليم “دونباس” والبيت الأبيض: عكس ما كيروج الرئيس بايدن ماغاديش يزور كييف دبا,",1,0,1,0,0,0,"['anger', 'fear']",train
ary_train_track_a_00485,عاجل..الزفزافي يخوض اضراب مفتوح عن الطعام والماء والسكر: ميمكنش نعيش فوطن يحتقرني,1,0,0,0,1,0,"['anger', 'sadness']",train
ary_train_track_a_00487,لن ترضى عنا اليهود ولا النصارى حتى نتبع ملتهم يا غبي',1,0,0,0,0,0,['anger'],train
ary_train_track_a_00491,الفتنة ناءمة لعن الله من ايقضها اتقوا الله لمذا لا نحتج على المخدرات في الحسيمة كلنا مع المرحوم,1,0,0,0,1,0,"['anger', 'sadness']",train
ary_train_track_a_00492,بعد تحقيق گود.. فريق برلماني كيطالب بالكشف عن حقيقة شراء وزارة الصحة لـ500 جهاز تنفس غير صالح,0,0,0,0,0,1,['surprise'],train
ary_train_track_a_00494,وانا كنgولو سير الله يعطيك العمى وطولان العمر الشفار نعلك الله',1,0,0,0,0,0,['anger'],train
ary_train_track_a_00495,"“ال ناثيونال” : المغرب طرد ناشطين صبليونيين كانو باغين يتلاقاو مع الانفصالية سلطانة خيا,",0,0,0,0,0,1,['surprise'],train
ary_train_track_a_00496,هل أصبح المغرب جنة للمجرمين الإنجليز المطلوبين دوليا من الأنتربول؟,0,0,0,0,0,1,['surprise'],train
ary_train_track_a_00500,موليم لعروسي ردا على آمنة ماء العينين بخصوص نضال الصاية واسطول غزة: معركة النساء تهمني وتهم حفيدتي وتهم بلدي,1,0,0,0,0,0,['anger'],train
ary_train_track_a_00502,الشباب يموت والا حول ولا قوة الا بالله',0,0,0,0,1,0,['sadness'],train
ary_train_track_a_00503,@<username> @<username> @<username> hhh bayna mli tgoula l bent tamchi tdi deri lghaba o t3era 3lih rah katesswaw nit hh,1,1,0,0,0,0,"['anger', 'disgust']",train
ary_train_track_a_00504,بلجيكا. إمام مغربي ديال أكبر جامع فمولينبيك جابها ف راسو.. حيدو ليه تصريح الإقامة و10 سنين ما يدخلش للبلاد,0,0,0,0,0,1,['surprise'],train
ary_train_track_a_00506,انا متضامنة مع سكان الحسيمة بسبب طحن مواطن في شاحنة الازبال حسبي الله ونعم الوكيل,1,0,0,0,1,0,"['anger', 'sadness']",train
ary_train_track_a_00507,بن الشويخ العاملة ديال بنمسيك طايحة على راسها..بغات تورط الملك فتدشين جردة فيها الويفي. تشد الكونيكسيون يمشي ليك التلفون,0,0,0,0,0,1,['surprise'],train
ary_train_track_a_00508,،استغرب لهاذ السياسية خصوصا و ان شبابنا يعاني من البطالة و الفقر ',0,0,0,0,0,1,['surprise'],train
ary_train_track_a_00510,ana makanchouf hta 3enza hit bloc howa ssilahi oila derto bhali ghathenaaw,1,0,0,0,0,0,['anger'],train
ary_train_track_a_00512,"liberland katqelleb 3la lmowatinin o mabaghash le3reb, malna 7na yhoud yhoud???",1,0,0,0,0,0,['anger'],train
ary_train_track_a_00513,جلسة ديال الطاسة طاحت فيها روح فمكناس,0,0,0,0,1,0,['sadness'],train
ary_train_track_a_00514,إحداث منطقة التصدير الحرة فجهة سوس غادي يخلق 24 ألف منصب شغل,0,0,0,1,0,0,['joy'],train
ary_train_track_a_00516,دراسة. الناس كيكونو اكثر سعادة ملي كيقربو يموتو,0,0,0,0,0,1,['surprise'],train
ary_train_track_a_00517,المدابزة على الفلوس والتبرعات عطلات الموالين للبوليساريو يسدو الكَركَرات,1,0,0,0,0,0,['anger'],train
ary_train_track_a_00523,الحرية للاصدقاء الشهيد محسين فكري,0,0,0,0,1,0,['sadness'],train
ary_train_track_a_00524,هل تم اكتشاف اول حالة ايبولا في اكادير؟ مصدر طبي: لا يمكن الجزم بان المريض مصاب بايبولا,0,0,1,0,0,0,['fear'],train
ary_train_track_a_00526,@<username> hxouma 3lik knt bikhiir hhh off tfou kheliha hta hiya testahel wllh hta jatni lbekya hh khra hada 3awtani lah y3tih mousiba,1,0,0,0,1,0,"['anger', 'sadness']",train
ary_train_track_a_00527,نايضة فتونس على برلماني ميزوجين دار تصريحات كتهاجم حقوق المرأة وحرياتها,1,0,0,0,0,0,['anger'],train
ary_train_track_a_00528,ماشاء الله على شباب الحسيمة رجال من صلب الرجال,0,0,0,1,0,0,['joy'],train
ary_train_track_a_00529,تفاصيل جديدة على كارثة تران بوقنادل : 7 قتلى و119 جريح منهم ضابط شرطة وأجنبي,0,0,0,0,1,0,['sadness'],train
ary_train_track_a_00530,أرى فقط اصحاب العقول الراقية هي التي تقف وراء هذا الرجل .الله اغلبك عليهم السي بنكيران,0,0,0,1,0,0,['joy'],train
ary_train_track_a_00531,موت الراقصة غزل يكشف موت الضمائر في عالمنا العربي,0,0,0,0,1,1,"['sadness', 'surprise']",train
ary_train_track_a_00532,@<username> hchoma 3lik nta baghi liya lforiyan o ila rditih lakhtek ndih ach ban lik,0,0,0,0,1,0,['sadness'],train
ary_train_track_a_00533,الله يحفظ بلادنا وبن كيران معندوش علاقة بهاذ المصيبة اللي وقعت ف الحسيمة ومنخلطوش,1,0,1,0,1,0,"['anger', 'fear', 'sadness']",train
ary_train_track_a_00535,الحمرا دارتها فمصر. الوداد قربات من الشامبيانز ليگ بعد ما رجعات بتعادل وواحد لواحد,0,0,0,1,0,0,['joy'],train
ary_train_track_a_00537,بؤساء الرفيقة نبيلة منيب! عشرة على عشرة للأيقونة في مادة الإنشاء,0,0,0,0,1,0,['sadness'],train
ary_train_track_a_00538,كورونا كتريب فالعاصمة الاقتصادية ماليا. كتقتل فمقاولات وتؤزم حياة عشرات الأسر بعدما تسببات فخروج معيليها للبطالة,0,0,0,0,1,0,['sadness'],train
ary_train_track_a_00539,إفريقية غرقات الرباط بالماحيا.. وها فين كانت دايرة المعمل السري ديالها,0,0,1,0,0,1,"['fear', 'surprise']",train
ary_train_track_a_00541,@<username> bravo adil tbarkllah 3lik 7mrti lina lwjh ... the5 homa l x factor f 9loubna bn chnace &lt;3,0,0,0,1,0,0,['joy'],train
ary_train_track_a_00544,آش كان باغي يدير لينا هذا. إسبانيا تعتقل إسباني صنع أسلحة ومتفجرات لا تكشفها أجهزة المراقبة وتحجز بحوزته مخطط مفصل للسياج بين مليلية والناظور,0,0,1,0,0,1,"['fear', 'surprise']",train
ary_train_track_a_00547,الحكومة نزعات ملكية عمارة بثلاثة طوابق باش دير فيها مقر الشركة الوطنية للإذاعة والتلفزة حدا دار البريهي,0,0,0,0,0,1,['surprise'],train
ary_train_track_a_00549,واقيلا القضية بدات كتزير للكور للي كيكلسو هنا بصفة غير قانونية و كيخدمو فالنوار، و فالصراحة مزيانة فيهم,1,0,0,0,0,0,['anger'],train
ary_train_track_a_00552,الرابطة المغربية للمواطنة: الشوافرية لمغاربة لعالقين فموريتانيا كيعيشو ظروف مزرية والحكومة خاصها تعاونهم,0,0,0,0,1,0,['sadness'],train
ary_train_track_a_00553,إيطاليا طردات مغربي داعشي هدد بتفجير فنادق ونوادي سياحية,0,0,1,0,0,0,['fear'],train
ary_train_track_a_00554,دارو شبكة ديال الابتزاز!. إعتقال أب وإبنه كيبتزوا الناس، الولد كيدير الجرائم والاب كيطلب من الناس لفلوس باش ميورطهومش ولدو وها مشحال كيطلبو,0,0,1,0,0,1,"['fear', 'surprise']",train
ary_train_track_a_00555,سيدنا غادي يخاطب المغاربة اليوم بمناسبة ذكرى المسيرة الخضراء,0,0,0,1,0,0,['joy'],train
ary_train_track_a_00556,وغاتجي وزارة الداخلية وتقول ليك نسبة المشاركة فاقت 80% هههه هذا إستحمار قبل الإستعمار,1,0,0,0,0,0,['anger'],train
ary_train_track_a_00557,شهيد محسين فكري رحمة الله عليك.,0,0,0,0,1,0,['sadness'],train
ary_train_track_a_00563,حصيلة كورونا فالعالم: ميريكان سجلات للمرة الثانية ألفين حالة وفاة ف24 ساعة.. والإصابات ففرانسا رتافعو بزاف وفالشينوا بقاو غير ألف كيتعالجو,0,0,1,0,1,0,"['fear', 'sadness']",train
ary_train_track_a_00564,"الصحة باقي تقدر تزلزل فقضية “التلاعب فصفقات عمومية”.. دفعة ثانية من المشتبه فيهم فطريقها للقضاء,",0,0,0,0,0,1,['surprise'],train
ary_train_track_a_00565,قمار صحيح. إعتقال عشريني مغربي كان كيسرق نوادي القمار باش يرجع يقمر فيهوم!!,0,0,0,0,0,1,['surprise'],train
ary_train_track_a_00566,"كَارديان ديال الطوموبيلات فتطوان دار كارثة وصيفط دري صغير للصبيطار فحالة خطيرة,",0,0,1,0,0,0,['fear'],train
ary_train_track_a_00567,اش واقع للجدارمية؟ والناس جوج سوايع حاصلين فدخلة كازا طريق مراكش,1,0,0,0,0,1,"['anger', 'surprise']",train
ary_train_track_a_00571,اعتداء جديد على البوليس فكازا. عائلة بارون مخدرات فرگعو لبوليسي راسو فمولاي رشيد,0,0,1,0,0,0,['fear'],train
ary_train_track_a_00572,لعاب فالبطولة فتح على القلب ولاصيرونس رفضت تعوضو فمصاريف العملية,0,0,0,0,0,1,['surprise'],train
ary_train_track_a_00573,كلام عظيم',0,0,0,1,0,0,['joy'],train
ary_train_track_a_00574,و لا تزال الادارة تتماطل في إخراج لوائح التعيينات ،',1,0,0,0,0,0,['anger'],train
ary_train_track_a_00575,حرام عليكم كتشوهوفي سمعة الفنانة المغاربة',0,0,0,0,1,0,['sadness'],train
ary_train_track_a_00577,حسبي الله عليهم عساها قامت القيامه ولا هل قهر هذا',1,0,0,0,1,0,"['anger', 'sadness']",train
ary_train_track_a_00579,بعد رحيله..بنكيران: أحرضان زعيم حقيقي وجا من رحم الشعب ومنجم للمعلومات وهو ثاني شخص تشاورت معه فاش عيني الملك رئيسا للحكومة,0,0,0,1,0,0,['joy'],train
ary_train_track_a_00580,شكون يوقف هاد لفضايح. واش هاد جراح التجميل جسوس كيتحدى القضاء وفين وزارة الصحة. كيفاش بعد ما ماتت وحدة عندو هادي شهر.. عاد خرج كيهدر وعلاش ما خلاهاش فعيادتو وداها لاخرى,1,0,0,0,0,0,['anger'],train
ary_train_track_a_00581,بعد 48 ساعة على إختفاءها. مصدر أمني يؤكد أن الفتاة التي قيل أنها إختطفت لا توجد شكاية حول إختطافها والامر يتعلق بفتاة وصديقها تجهل هويتهم لحد الساعة.,0,0,0,0,0,1,['surprise'],train
ary_train_track_a_00583,winti hebibebte lhob dial albn a grand bizouu,0,0,0,1,0,0,['joy'],train
ary_train_track_a_00584,نعس وفاق يحساب راسو وكيل ملك.. الجوندارام ديال حد السوالم وقف گزار وصاحبو بانتحال الصفة,1,0,0,0,0,1,"['anger', 'surprise']",train
ary_train_track_a_00585,عصابة ديال الكرابة استنفرو بوليس اكادير بالليل وسالات المطاردة ديالهم بحجز طوموبيل فيها 250 لترو د ماحيا و غيرها من أنواع الشراب,0,0,0,0,0,1,['surprise'],train
ary_train_track_a_00586,لقد فقدنا العروبة والدين والهوية لا حول ولا قوة الا بالله العلي العظيم',0,0,0,0,1,0,['sadness'],train
ary_train_track_a_00587,مناطق الواحات وشجر اركان غادة وكتحسن والمؤشرات فيها كلها فالخضر: معدل الفقر هبط ب 6.6 نقطة ما بين 2007 و2019 والاستثمارات العمومية وصلو لـ 93.4 مليار درهم ف 2020 وتخلق 92.624 منصب شغل بين 2012 و 2019,0,0,0,1,0,0,['joy'],train
ary_train_track_a_00588,والاقتطاعات من اجور الموظفين البسطاء و منحة البرلمانيين لانتهاء العهدة,1,0,0,0,0,0,['anger'],train
ary_train_track_a_00590,"منظمة الصحة العالمية رصدات 170 حالة إصابة بمرض كبدي مجهول المصدر كيقيس الدراري الصغار,",0,0,1,0,1,0,"['fear', 'sadness']",train
ary_train_track_a_00592,فرنسا كانت ولا زالت بلد ديمقراطية. ......... عفوا دكتاتورية,0,1,0,0,0,0,['disgust'],train
ary_train_track_a_00594,اوا سيرو تخدموا راكوم كتحيدو الدم لعباد الله فالعام والخاص ماكاتحشموش ',1,0,0,0,0,0,['anger'],train
ary_train_track_a_00596,ردو بالكم.. لي دور مع البوليس يتشد.. إيقاف سائق سيارة حاول إرشاء شرطي في مراكش,0,0,0,0,0,1,['surprise'],train
ary_train_track_a_00597,مجلس النواب كيدين القتل الوحشي لعشرات الفسلطيين اليوم,0,0,0,0,1,0,['sadness'],train
ary_train_track_a_00598,هذه المعارضة التي نحتاج,0,0,0,1,0,0,['joy'],train
ary_train_track_a_00599,واش الياس العماري باغي ينتاقم من صعود اخنوش باستغلال المقاطعة,1,0,0,0,0,1,"['anger', 'surprise']",train
ary_train_track_a_00600,بعد فضيحة عدم أداءه الضرائب. عقد البلجيكي إيريك غريتس غير قانوني,0,0,0,0,0,1,['surprise'],train
ary_train_track_a_00601,الحرب.. الرئيس بوتين سينا رسميا على قانون ضم 4 ديال المناطق فأوكرانيا,0,0,0,0,0,1,['surprise'],train
ary_train_track_a_00602,كرايدية في الأمن داو ليها 100 مليون من الفيلا ديالها في الهرهورة,0,0,1,0,0,1,"['fear', 'surprise']",train
ary_train_track_a_00604,"مؤشر الإرهاب العالمي 2022.. المغرب هو البلد الأكثر أمانا فالمغرب العربي,",0,0,0,1,0,0,['joy'],train
ary_train_track_a_00605,حب صامت يتحدث فقط عندما اراك...',0,0,0,1,0,0,['joy'],train
ary_train_track_a_00607,sba7ek ward o foll o yasmin,0,0,0,1,0,0,['joy'],train
ary_train_track_a_00608,"روسيا فطريقها لتغيير مواقفها من قضية الصحرا وتجي فالصف ديال المغرب,",0,0,0,1,0,0,['joy'],train
ary_train_track_a_00609,الاساتذة المتعاقدين مامربينش وتعداو على طاقم القناة الثانية بالسبان.. واخا تكون الحرب الصحافة كتبقا صحافة خصها تحترم وخاص متابعة كل من يتطاول عليها,1,0,0,0,0,0,['anger'],train
ary_train_track_a_00610,"جايبها من لاس بالماس.. الديوانة حجزات أكثر من 3000 قرقوبية عند مسافر فمطار العيون – تصاور,",0,0,0,0,0,1,['surprise'],train
ary_train_track_a_00613,هضر على راسك.....ماتهضرش باسم الشعب.....شكون قالك الشعب باغي بنكيران؟؟؟؟,1,0,0,0,0,0,['anger'],train
ary_train_track_a_00615,من غير المعقول أن المغرب لي كان سابق الخليج من ناحية الحريات والحقوق باقي فيه وكال رمضان يمشي الحبس ومثلي يتبعو للعزلة وجوج مصاحبين ساكنين يتسمى فساد والطاسة يشربوها المغاربة بلا قانون وغير مدرحة.. وفي نفس الوقت دول الخليج لي منبع التشدد سالات مع هادشي.. راه عيب عيب,1,0,0,0,0,0,['anger'],train
ary_train_track_a_00616,هادو مريكلين لكن حصلوا. بوليس مكناس يضبط شخصين بالمحطة الطرقية كان يُحاولان تهريب الحشيش داخل علب الحليب الكرتونية,0,0,0,0,0,1,['surprise'],train
ary_train_track_a_00618,رئيس الجماعة الاسلامية بريبول يتحدث عن الامام المغربي المفترض انه زعيم خلية كاطالونيا والاخير كان فبروكسيل ببلجيكا معقل ارهابيي مولنبيك,0,0,1,0,0,0,['fear'],train
ary_train_track_a_00619,هاد الرجل الأغنى في العالم.. بفضل «بلاك فرايدي»,0,0,0,0,0,1,['surprise'],train
ary_train_track_a_00621,محكمة باكادير حكمات لصالح موالي للبوليساريو ضد مؤسسة الدولة,0,0,0,0,0,1,['surprise'],train
ary_train_track_a_00624,كَارْ تقلب ضواحي مراكش.. الحصيلة: إصابة 26 شخص بجروح مختلفة وفيهم حالات خطيرة,0,0,0,0,1,0,['sadness'],train
ary_train_track_a_00627,المغرب ضاع لا أمل للشباب و لامكان للطموح',1,0,0,0,1,0,"['anger', 'sadness']",train
ary_train_track_a_00628,“مسيرة بيضاء” إحياء لذكرى الإمام المغربي الذي قتل ببروكسل,0,0,0,0,1,0,['sadness'],train
ary_train_track_a_00629,هذا افتراء وكلام كاذب المغرب دولة مسلمة سنية وليس بها شيعة هذه بلبلة وإشاعة مفبركة,1,0,0,0,0,0,['anger'],train
ary_train_track_a_00630,"الكَيرا فأوكرانيا.. كاينة جوج روايات على انفجار البابور الروسي “ماسكفا” من أسطولهم ديال البحر الأسود وانتكاسة عسكرية جديدة لروسيا,",0,0,1,0,0,0,['fear'],train
ary_train_track_a_00631,أخيرا. سعد لمجرد حر لكن مقابل مبلغ مالي كبير,0,0,0,1,0,0,['joy'],train
ary_train_track_a_00632,غش في غش كلشي مغشوش بديت نشك الي كان شي حد في المغرب كيخدم بنزاهة وضمير كنضن قليل الي من رحم ربي',1,0,0,0,0,0,['anger'],train
ary_train_track_a_00633,“الكورفا سود” كتطالب بحكام أجانب ودخلت طول وعرض فمديرية التحكيم والرياضية,1,0,0,0,0,0,['anger'],train
ary_train_track_a_00634,nsite a samira lbare7 kente f paris 😂😂 3nd jada 😷😂😷 w rada ranmchi l souide 🔫🔫💣 w f ljomo3a r nmchi l ksa nzidek wla brak🙇,0,0,0,1,0,0,['joy'],train
ary_train_track_a_00636,آش هاد الجهل لي غارقين فيه ؟ واش هاد الخريف لي كاتعاودو فيه ؟ القايدة من حقها تمنع واحد مصدع عباد الله بالقرآن كيما من حقها تمنعو لاطلق ليهم الليدزيبلين! راه دولة هادي ماشي زريبة لي رشقات ليه شي حاجة يديرها !,1,0,0,0,0,0,['anger'],train
ary_train_track_a_00637,رجل أعمال مصري يتعهد بجلب مهاجم الوداد إيفونا للأهلي. هاش حال عطا فيه وها شحال طالب فيه الناصري,0,0,0,0,0,1,['surprise'],train
ary_train_track_a_00638,البوليس بدا كيرد الصرف. إيقاف امرأة في حالة سكر حاولت إرشاء عناصر الأمن بمراكش,0,0,0,0,0,1,['surprise'],train
ary_train_track_a_00639,"حافيدي: حجم الاستثمارات العمومية فمناطق الواحات وشجر الأركَان وصل لـ105 مليار درهم,",0,0,0,1,0,0,['joy'],train
ary_train_track_a_00640,@<username> akid basoma btistahil akta ana mabachba3ch min sotha,0,0,0,1,0,0,['joy'],train
ary_train_track_a_00641,حصيلة كورونا: 51889 خداو الجرعة اللولة من الفاكسان وماتو 4,0,0,1,0,1,0,"['fear', 'sadness']",train
ary_train_track_a_00642,شخصيا لا ارى اي منظر خلاب كل ما يظهر قلة التنظيم و عشوائية المكان. اناس همهم هو الربح و الجودة و النظافة في خبر كان. بعض الثلوج فوق التراب في منطقة منكوبة ',1,0,0,0,0,0,['anger'],train
ary_train_track_a_00643,نتما مكتفهمو والو في سياسة أكتهضرو وباز,1,0,0,0,0,0,['anger'],train
ary_train_track_a_00644,للعام الثاني على التوالي. اول مولودة فسبتة ف2019 مغربية الاصل,0,0,0,1,0,1,"['joy', 'surprise']",train
ary_train_track_a_00648,بوليسي تيرا بالقرطاس ف كازا باش يشدو شخص تعدا على واليديه,1,0,1,0,1,0,"['anger', 'fear', 'sadness']",train
ary_train_track_a_00649,جبل طارق.. البحر لاح جثة واحد من الحراكَة لمغاربة اللي تقلبات بيهم لفلوكة نهار 7 فبراير,0,0,0,0,1,0,['sadness'],train
ary_train_track_a_00651,مسابح جماعية بسيدي رحال الشاطئ كتخرق الحجر الصحي فسهو من السلطة,0,0,0,0,0,1,['surprise'],train
ary_train_track_a_00652,أكبر المنافقين الذين يشهد عنهم تاريخ البشرية هو بنعبدالله  صاحب مصلحة بامتياز كبير ولايمكن أن بنكيران ليس على علم,1,0,0,0,0,0,['anger'],train
ary_train_track_a_00654,لوبي الدزاير و التنوعير.. بغاو يحطو ملف الصحرا فـ بروكَرام البرلمان الإيطالي,1,0,0,0,0,0,['anger'],train
ary_train_track_a_00659,اعتقال بيدوفيلي وضيع حقير وموسخ فكازا: اغتصب ولد صغير,1,1,1,0,1,0,"['anger', 'disgust', 'fear', 'sadness']",train
ary_train_track_a_00660,لاينبغي لصحفي يحترم نفسه ويحترم مهنته ان يطرح مثل هذا السؤال',1,0,0,0,0,0,['anger'],train
ary_train_track_a_00661,نور على نور ... ^هل ما زال قلبك موجوع هاها..😁 ؟ ',0,0,0,1,0,0,['joy'],train
ary_train_track_a_00662,daba nti mghribya bezaf 3lik akhti tgouliha wakha bdehk o had lmra bagha tm3ch9i f habib l9alb diriha mais b3id 3la hanane ok,1,0,0,0,0,0,['anger'],train
ary_train_track_a_00663,تصيور بنات عريانات صحة وابتزازهم صيفط 11 للبنيقة بينهم 8 ديال العيالات فمكانس,0,1,1,0,0,0,"['disgust', 'fear']",train
ary_train_track_a_00665,كنشوف بزاف ديال التعاليق ان مزال الناس فيهم الخير...را اكتريا ديال المغاربة فيهم الخير وباقي الخير',0,0,0,1,0,0,['joy'],train
ary_train_track_a_00667,"بوليسي تيرا بالقرطاس على شخص نوض روينة بجنوية فحي “معطى الله” فالعيون,",0,0,1,0,1,0,"['fear', 'sadness']",train
ary_train_track_a_00669,ضبط سائح مغربي يتاجر في الآثار بالوادي الجديد في مصر,0,0,0,0,0,1,['surprise'],train
ary_train_track_a_00670,ana radya b hyati mali w malkoum,1,0,0,1,0,0,"['anger', 'joy']",train
ary_train_track_a_00672,had khatia mo2amara massonia bach ykhrjo 3lya,1,0,0,0,0,0,['anger'],train
ary_train_track_a_00674,@<username> ana bghithoum ikhsro bjouj ki ndir???,1,1,0,0,0,0,"['anger', 'disgust']",train
ary_train_track_a_00677,ها آش كاتجيب السيبة. ركود إقتصادي بفاس وسياح يغادرون المدينة نتيجة حادثة السياح الالمان,1,0,0,0,0,0,['anger'],train
ary_train_track_a_00678,نصف سكان أكادير حضروا سهرة سعد المجرد,0,0,0,1,0,0,['joy'],train
ary_train_track_a_00680,المغرب حطم الروكور فعدد الإصابات الجديدة بكورونا اليوم: 570 تصابو و228 تشافاو و7 ماتو.. الطوطال: 18834 مصاب و16100 متعافي و299 متوفي .. و2435 كيتعالجو,0,0,0,0,1,1,"['sadness', 'surprise']",train
ary_train_track_a_00681,@<username> assil ya waled lmaghrib o mabrouk loghniya,0,0,0,1,0,0,['joy'],train
ary_train_track_a_00682,مأساة. شارجور شعل العافية فدار بفاس وتسبب فمصرع طفل عمره سنتين,0,0,0,0,1,0,['sadness'],train
ary_train_track_a_00683,أطفال المغاربة كيغتاصبوهم البيدوفيليين الصبليون وكيصورو بيهم افلام ديال البورنو,1,1,1,0,1,0,"['anger', 'disgust', 'fear', 'sadness']",train
ary_train_track_a_00684,hhhhhhhhhhhhhhhhhhhhhh ana ga3ma sma3tt ach kant kat9oll kanrakazz ghir m3a zineb oyassmin ochirine,0,0,0,1,0,0,['joy'],train
ary_train_track_a_00686,بعد طنجة. غلاء فواتر الكهرباء يخرج ساكنة بني ملال للاحتجاج وتنظيم مسيرة نحو ولاية الجهة,1,0,0,0,0,0,['anger'],train
ary_train_track_a_00687,نقابة الاتحاد تهاجم الخازن العام للمملكة بنسودة وتتهمه بخرق القانون التنظيمي ومرسوم التعيينات في المناصب العليا وتدعو إلى إلغاء تعييناته,1,0,0,0,0,0,['anger'],train
ary_train_track_a_00688,ها العنف ضد النساء الحقيقي. إتهام رئيس مقاطعة بني مكادة وشقيقه بالاعتداء على ثلاث سيدات وطفلة قاصر وسحلهن في الشارع العام بسبب نزاع حول عقار + صور الضحايا,1,1,1,0,0,0,"['anger', 'disgust', 'fear']",train
ary_train_track_a_00689,رائعة غاليتي كالعادة وفقك الله﻿ ',0,0,0,1,0,0,['joy'],train
ary_train_track_a_00690,طنجة تطفئ اضواء امانديس، ثورة الشموع تطالب برأس الشركة الفرنسية وانخراط كبير في الحملة,1,0,0,0,0,0,['anger'],train
ary_train_track_a_00691,صحاب التعليم الخاص كيرفضو يعطيو شهادة المغادرة باتفاق مع الوزارة باش مايوقع هروب جماعي للتلاميذ من التعليم الخاص ومصدر من الوزارة ينفي تورطهم,0,0,0,0,0,1,['surprise'],train
ary_train_track_a_00692,مراسلو إسبانيا بالمغرب تكتموا عن الأمر وراخوي اعتبر إجلاسها جنب خالد مشعل “مقلب” من العدالة والتنمية,0,0,0,0,0,1,['surprise'],train
ary_train_track_a_00693,المغرب كيتقوى عسكريا. دبابات «أبرامز» أمريكية إضافية بصياد قاتل في طريقها للمغرب,0,0,0,1,0,0,['joy'],train
ary_train_track_a_00694,يا ربي يطيرك الملك !! راه طلعتيلينا في راسنا ! مابغينا حكومة ولا زعتر خلي الملك يحكم كل شي,1,0,0,0,0,0,['anger'],train
ary_train_track_a_00695,رونالدو يضيف من مراكش إنجازا جديدا يعجز ميسى عن تحقيقه,0,0,0,1,0,0,['joy'],train
ary_train_track_a_00696,بوليس الراشيدية و بتنسيق مع الديستي و الجوندارم حجزو جوج طن و500 كيلو دلحشيش و شدو شخص روشيرشي بعدما تيراو بالقرطاس,0,0,1,0,0,1,"['fear', 'surprise']",train
ary_train_track_a_00699,أولا وقبل كل شيء أحبكم في الله وأدعوا لكم ولملكنا وكافة الشعب المغربي بكل الخير كلما دعوت لنفسي و أهلي ',0,0,0,1,0,0,['joy'],train
ary_train_track_a_00701,إنها عاهرة من العاهرات الكبار',1,1,0,0,0,0,"['anger', 'disgust']",train
ary_train_track_a_00702,ستندم على هادا يا منير الحدادي . من صنع منك الاعب',1,0,0,0,0,0,['anger'],train
ary_train_track_a_00703,واااااااااااو طووووووووب ولاااد بلادي الله يحفضكم سعد انت التواااضع بنفسه ',0,0,0,1,0,0,['joy'],train
ary_train_track_a_00704,جورنالات بلادي1. العثور على مهاجر مغربي مشنوقا وسط فيلا بالهرهورة والمعارضة تجر بنكيران إلى الغرفة الثانية لمساءلته,0,0,0,0,1,0,['sadness'],train
ary_train_track_a_00705,عاجل. لالة سلمى كتعشى مع عيالات شيراك وواتارا فجامع لفنا,0,0,0,1,0,0,['joy'],train
ary_train_track_a_00708,يلعن كرامتك أن بقي منها شيئ اصلآ ذليل قزم ذيل الكلب',1,0,0,0,0,0,['anger'],train
ary_train_track_a_00709,دائرة الغضب على لشكر تتسع.. اتحاديو الحسيمة: ساعتك قريبة تسالي وتصريحاتك على الريف لا تلزمنا,1,0,0,0,0,0,['anger'],train
ary_train_track_a_00710,نتيجة كتفرح : ثلاث ميداليات للشقيقين لمحمدي وتتويج تاريخي مزدوج للمغرب فبطولة العالم للتزلح,0,0,0,1,0,0,['joy'],train
ary_train_track_a_00711,انتحار رجل أعمال معروف فمكناس,0,0,0,0,1,0,['sadness'],train
ary_train_track_a_00712,@<username> le7wa kayjib f ay w9ita xd,0,1,0,0,0,0,['disgust'],train
ary_train_track_a_00713,رابطة الدفاع عن الوحدة تهاجم حكومة بنعرفة دالبيجيدي بسباب حراك الريف,1,0,0,0,0,0,['anger'],train
ary_train_track_a_00714,مبروك على الناس لي ربحوا و سعدات ناس كازا دوزوا معاك وقت زوين',0,0,0,1,0,0,['joy'],train
ary_train_track_a_00718,ana jdid fi twiteer hal min asdi9ae,0,0,0,1,0,0,['joy'],train
ary_train_track_a_00719,عدد اللي تشافاو من كورونا مازال فخط تصاعدي. 233 ف16 ساعة وعدد الاصابات شوية طلع ووصل ل44,0,0,1,0,0,0,['fear'],train
ary_train_track_a_00721,عشرات الالاف يشاركون في تظاهرة مناهضة للتقشف في اسبانيا,1,0,0,0,0,0,['anger'],train
ary_train_track_a_00722,ها بشحال ديال لحبس ضربو أحد القاصرين الفارين من سجن سلا,0,0,0,0,0,1,['surprise'],train
ary_train_track_a_00723,مطلوبون في قضايا جنائية خطيرة يتصدرون قائمة المرشحين للانتخابات,0,0,0,0,0,1,['surprise'],train
ary_train_track_a_00724,جورنالات بلادي: تهريب أموال من المغرب بفاكتورات تركية والديوانة قرقبو على شبكة دولية كتهرب الأخطبوط,0,0,0,0,0,1,['surprise'],train
ary_train_track_a_00726,الصحراء المغربية بكل متحمل الكلمة دائماا المغرب #حتى يرث الله الأرض ومن عليها',0,0,0,1,0,0,['joy'],train
ary_train_track_a_00729,la hawla wala qowata ila bellah ☹️ ##url##,0,0,0,0,1,0,['sadness'],train
ary_train_track_a_00733,ورغم هذا لازلنا نعاني من الغلاء والفلاحة مابغاوش يوعاو ويديرو حد للوسطاء والسماسرية .الله يعفو علينا من هاد الناس ',1,0,0,0,1,0,"['anger', 'sadness']",train
ary_train_track_a_00736,منصوري: 3 د المليون نسمة كتعيش هشاشة مجالية فـ281 جماعة أغلبها فالجبال,0,0,0,0,1,0,['sadness'],train
ary_train_track_a_00737,حزبي المصباح والكتاب حجبا موقعيهما وأحزاب الوردة والحمامة والميزان يخرقان قانون الانتخابات,1,0,0,0,0,0,['anger'],train
ary_train_track_a_00738,الخبيثات للخبيثين',1,0,0,0,0,0,['anger'],train
ary_train_track_a_00739,التسامح فأبهى التجليات ديالو.. دبي افتتحات أول معبد هندوسي تقام عليها ب 16 مليون دولار – فيديو,0,0,0,1,0,0,['joy'],train
ary_train_track_a_00740,ها علاش نافع السلاح مع المشرملين.. بوليسي فسيدي بنور جبد فردي على مجرم نوض الروعة فشارع محمد الخامس وهو يسلم راسو,1,0,0,0,0,0,['anger'],train
ary_train_track_a_00742,"واش غانعيشو انقطاع فالگاز والمازوط.. وزيرة الطاقة: المخزون لي عندنا كافي لـ26 يوم فقط وها التفاصيل,",0,0,1,0,0,0,['fear'],train
ary_train_track_a_00743,سلطات أسا زاك تمنع الجمعية المغربية لحقوق الإنسان من استغلال فضاء عمومي,0,0,0,0,1,0,['sadness'],train
ary_train_track_a_00745,rfa3ti rasna w rfa3ti rayat bladna lah yhfdek wykhalik lina jtm ♥♥,0,0,0,1,0,0,['joy'],train
ary_train_track_a_00746,@<username> @<username> yako ana wlah 7ta baghi lkhir llwatan,0,0,0,1,0,0,['joy'],train
ary_train_track_a_00747,تبا لمن قال مادمت في المغرب فلا تستغرب. أنا مغربي ومنذ صغري غارق في الاستغراب والعجيب أن وزارة الداخلية تشبهني تماما,1,0,0,0,0,0,['anger'],train
ary_train_track_a_00750,باركة علينا بزاف شوفو الناس فين وصلوا واش الامزيغي ممزوجش من العربية واالعربي ممزوجش من الامزغية ادوها في ريوسكم وخدموا بلادكم ',1,0,0,0,0,0,['anger'],train
ary_train_track_a_00752,دواير الزمان وقلة الوفاء. بنعرفة وصحابو فالتحالف: اجيو نجريو على البي بي اس والغلة غادية ياكلها لشگر,1,0,0,0,0,0,['anger'],train
ary_train_track_a_00754,sa7afa d l9lawi qui partage la video des enfants avant dakchi li w93 a bouzni9a,1,1,0,0,0,0,"['anger', 'disgust']",train
ary_train_track_a_00757,اللعابا ديال الوداد كتسناهم مكافأة من بعد ماتش التواركة,0,0,0,1,0,0,['joy'],train
ary_train_track_a_00760,fach tayji levale o hna 3la a3ssabna otand3iw ya rbi tdiro mzyane,0,0,1,0,0,0,['fear'],train
ary_train_track_a_00761,لقاه مع مراتو وهو يداويه باش عمرو يقرب لمرات الراجل. موريتاني يقتل زوجته ويبتر العضو الذكري لعشيقها,1,1,0,0,0,0,"['anger', 'disgust']",train
ary_train_track_a_00762,بصح كلنا فاسدين شعب و دولة و كلشي نغيروا نفوسنا فالأول,1,0,0,0,0,0,['anger'],train
ary_train_track_a_00764,الى كانوا هدو هم الاوباش. فانا وبش مثلهم وافتخر. العز والنصر لناس الحسيمة ريافة الحرار. الله ينصركم,0,0,0,0,0,1,['surprise'],train
ary_train_track_a_00765,اكادير الان يتم الانزال لقوات القمع بساحة لافونتين قبل بدأ الوقفة التضامنية ..كلنا محسن فكري,0,0,0,0,1,0,['sadness'],train
ary_train_track_a_00766,ﺍﻧﻪ ﺍﻟﻌﺎﻟﻤﻲ ﺍﻟﻌﺎﻟﻤــــــــــــــــــــــــــﻰ ﺍﻟــــــــــﺪﻭﺯﻯ ﻳﺎ',0,0,0,1,0,0,['joy'],train
ary_train_track_a_00767,إنه الدب الروسي بارع في فنون الحرب،وكذلك مبدع في فنون السياسة(إسترجاع القرم إلى حضن الوطن),0,0,0,1,0,0,['joy'],train
ary_train_track_a_00769,جدارمية ديال كازا شدو­ 8­ آلاف شيشة مهربة في ­دوار سعدان بضواحي بوس­كورة,0,0,0,0,0,1,['surprise'],train
ary_train_track_a_00770,الجامعة وقفت عدد من اللعابا فالبطولة وضربت فراقي بالخطية,1,0,0,0,0,0,['anger'],train
ary_train_track_a_00771,مواطنون يعثرون على رضيع حي متخلى عنه ببني ملال,0,0,0,0,1,0,['sadness'],train
ary_train_track_a_00772,هده هي اللعبة السياسية القدرة ،,1,0,0,0,1,0,"['anger', 'sadness']",train
ary_train_track_a_00773,@<username> rah lbareh bghina ntiro blfarha hit frahnak a hbibna,0,0,0,1,0,0,['joy'],train
ary_train_track_a_00774,أكره كرها شديدا هدا البلد المغرب من اعماقي بسبب غياب الإنسانية عند صيادلة وأطباء المغاربة',1,0,0,0,0,0,['anger'],train
ary_train_track_a_00775,راه دارو تحليل للفيديو لقاو بلي صاحبو قتلو بالخطا بضغط زر الطحن,0,0,0,0,1,0,['sadness'],train
ary_train_track_a_00776,فقدان أكثر من 10 آلاف طفل بعد وصولهم أوروبا,0,0,0,0,1,0,['sadness'],train
ary_train_track_a_00778,"خاص. تفاصيل صادمة على جريمة اغتصاب تلميذة قاصرة من طرف أستاذ ففاس,",1,1,1,0,1,0,"['anger', 'disgust', 'fear', 'sadness']",train
ary_train_track_a_00779,أحاديث صيفية عن إزدحام طنجة و أصيلة و تلوث نهر الغانج و جلابة مدام بنكيران و تقاشر بوسبرديلة,0,1,0,0,0,0,['disgust'],train
ary_train_track_a_00780,الكلاب المدربة شمشات على كمية مهمة من لحشيش وكانت مخبعة فنفاخات (صور),0,0,0,0,0,1,['surprise'],train
ary_train_track_a_00783,و لا توجد في واقعنا المرير',0,0,0,0,1,0,['sadness'],train
ary_train_track_a_00784,ملياردير كيقلب على “حب حياتو”.. ومواعدها برحلة للقمر,0,0,0,0,0,1,['surprise'],train
ary_train_track_a_00785,مسافرين فرحلة جوية بين كازا وانواكشوط عاشوا لحظات صعيبة والطيارة هبطات اضطراريا بالداخلة,0,0,1,0,0,0,['fear'],train
ary_train_track_a_00787,نبيلة منيب املنا,0,0,0,1,0,0,['joy'],train
ary_train_track_a_00788,دخل الحكومة بشعارات التغيير لكنهم أفسد كل شيء حان وقت الرحيل و المغادرة,1,0,0,0,0,0,['anger'],train
ary_train_track_a_00790,ها علاش أغلب الارهابيين ف أوروپا ريافة,0,0,1,0,0,0,['fear'],train
ary_train_track_a_00791,+126 حالة جديدة +43 حالة شفاء +1 وفاة كورونا_المغرب,0,0,1,0,1,0,"['fear', 'sadness']",train
ary_train_track_a_00792,شرذمة اوروبا وامريكا يتطاولون ع اطفال فلسطين العزل ',0,1,0,0,1,0,"['disgust', 'sadness']",train
ary_train_track_a_00794,فيناهيا هاديك مروحية وزارة الصحة؟ مروحية للدرك الملكي تنقذ سيدة بآيت عبدي من الموت,1,0,0,0,0,0,['anger'],train
ary_train_track_a_00795,العثور على شخص مصاب بطلق ناري بالقرب من مستشفى بتمارة,0,0,1,0,1,0,"['fear', 'sadness']",train
ary_train_track_a_00796,ضربة اخرى للمرأة. “دوزيم” تمنح برنامجا دينيا لعالم دين يجيز ضرب الزوج لزوجته!,1,1,0,0,0,0,"['anger', 'disgust']",train
ary_train_track_a_00797,حجاب الطفلات أو هذيان الجنسانية السلفية,0,0,0,0,1,0,['sadness'],train
ary_train_track_a_00798,الملك يعطي الانطلاقة الرسمية للموسم الدراسي الجديد ويطلق مبادرة “مليون محفظة” يستفيد منها 4 ملايين تلميذ,0,0,0,1,0,0,['joy'],train
ary_train_track_a_00799,فلتنا من فاجعة أخرى. تسمم غذائي في وليمة بتازة ينقل 27 شخصاً إلى المستشفى بينهم 15 طفل,0,0,0,0,1,0,['sadness'],train
ary_train_track_a_00801,جورنالات بْلادي. انفلات لبؤرتين من سيرك بالسعيدية يزرع الرعب وسط السكان وإفلات عنصر من الدراجين بالبيضاء من الموت بعدما جرته سيارة وموسم ساخن في بيت القضاة وتأديب 14 قاضيا,0,0,1,0,0,0,['fear'],train
ary_train_track_a_00802,أزمة بين فرنسا وموريتانيا بسباب تصاور القوات المسلحة الملكية المغربية فالكركرات‬,1,0,0,0,0,0,['anger'],train
ary_train_track_a_00803,نايف أكرد: كنحلم من صغري نلعب كأس العالم وغادي نخليو المغاربة يفتاخرو بنا,0,0,0,1,0,0,['joy'],train
ary_train_track_a_00804,ضبط امرأة تهرّب المخدرات داخل عضوها التناسلي بسجن عين قادوس بفاس,0,0,0,0,0,1,['surprise'],train
ary_train_track_a_00805,كيف ندعي أننا ندمج الأفارقة و مواطنون مشردون في وطنهم ',0,0,0,0,1,0,['sadness'],train
ary_train_track_a_00806,بالفيديو.. فان دام صدق مسلم وقاليك خاصنا نتبعو سيد النبي فحياتنا,0,0,0,0,0,1,['surprise'],train
ary_train_track_a_00809,الجواهري يعلن الحرب على الشيكات المسروقة والتي بدون رصيد أو الحسابات التي جمدها القضاء,1,0,0,0,0,0,['anger'],train
ary_train_track_a_00810,ماذا كان سيخسر بنكيران لو ساند المقاطعة! كان سيصبح بطلا فعلا في نظر المقاطعين. وكانت فرصة ليسترجع وهجه السابق. وكان يمكنه أن يستغلها فرصة للضغط. لكنه لم يفعل,1,0,0,0,0,0,['anger'],train
ary_train_track_a_00811,الزهر طيح صحاب اللعاقة ففاس كانوا دايرين شبكة ديال التزوير,0,0,0,0,0,1,['surprise'],train
ary_train_track_a_00812,"الكَيرا فأوكرانيا.. قصف روسي جديد طيح عدد من الضحايا ف”خاركيف” والعاصمة “كييف” والرئيس زيلينسكي: تصفية المقاتلين ديالنا غادي تحبس المفاوضات,",1,0,1,0,0,0,"['anger', 'fear']",train
ary_train_track_a_00813,جريدة فاشلة',1,0,0,0,0,0,['anger'],train
ary_train_track_a_00815,تبارك الله علينا و صافي',0,0,0,1,0,0,['joy'],train
ary_train_track_a_00817,عمليات مكثفة لمراقبة الجودة والأسعار.. ف5 أيام: إتلاف 16 طن من المواد الفاسدة وتسجيل 130 مخالفة,0,0,0,0,0,1,['surprise'],train
ary_train_track_a_00819,الشعب المغربي كلنا فكري الله ارحم,0,0,0,0,1,0,['sadness'],train
ary_train_track_a_00820,"جوندارم الداخلة فككو محل لصناعة الفلايك اللي كتستعمل فالحريكَ والطراباندو,",0,0,1,0,0,0,['fear'],train
ary_train_track_a_00821,qhertek yaki nti o f7alk hdrtk naqsa zayda ghir mo5lafat l7orob,1,1,0,0,0,0,"['anger', 'disgust']",train
ary_train_track_a_00822,iwa hit mosalima kathdar 3la islam b 39al ama sahayina rah moskhin kaysabo fina bla may7aso,1,0,0,0,0,0,['anger'],train
ary_train_track_a_00823,لاحول ولا قوة الا بالله دوك لي كايصورو تخايلو خوك ولا فاميلتك كيف غا تحس كما تدين تدان',0,0,0,0,1,0,['sadness'],train
ary_train_track_a_00824,oooooooooohhhhhh ou l coupe d'afriiiiiiiiiiiiiiique oooooooooohhhhhh ou ch7al sawiiii oooooooooohhhhhh mebrok 3liiiiiiiik eeeeeeeeeeehhhhhh ya raajaaawi💚 ##url## ##url##,0,0,0,1,0,0,['joy'],train
ary_train_track_a_00826,بالصور. ملاك الرحمة ديال بصح سمحات فعرسها ومشات عند مريضها,0,0,0,0,0,1,['surprise'],train
ary_train_track_a_00827,الريسوني دخل فإضراب على الماكلة ابتداء من اليوم,0,0,0,0,1,0,['sadness'],train
ary_train_track_a_00828,شطط. بدء اعتقالات الطلبة الصحراويين في مراكش بعد مداهمات واقتحامات للبيوت. اعتقال 6 طلبة منتصف الليل,1,0,0,0,0,0,['anger'],train
ary_train_track_a_00829,المهمشين في المغرب الامازيغ',0,0,0,0,1,0,['sadness'],train
ary_train_track_a_00830,الحجر الصحي الليلي ف رمضان.. رئيس الحكومة: قرار صعيب و ما بغيناش نحبسو الحركة د المغاربة فهاد الشهر ولكن فرضاتو الضرورة و الفيروس مازال كينتاشر,0,0,1,0,1,0,"['fear', 'sadness']",train
ary_train_track_a_00832,الشعب يطالب باستقالة وزير الداخلية #طحن مو   الشعب المغربي بان هنا,1,0,0,0,0,0,['anger'],train
ary_train_track_a_00833,غريب هاد الشي. هادك بحري اللي عاطينو صفحة باسم محمد السادس يهاجم صحف تسب ولد عمو هشام العلوي: كينشرو اكاذيب وهو متواضع ووطني,1,0,0,0,0,1,"['anger', 'surprise']",train
ary_train_track_a_00835,جورنالات بلادي2: ذبح زوجته بسبب الشك وصفقة الرادار تلغى للمرة الثامنة والبوليساريو تعذب موريتانيا بقندهار,0,0,1,0,1,0,"['fear', 'sadness']",train
ary_train_track_a_00836,bnadem toxic fhala 3ashe f cartel qwed mn l mexique,1,0,0,0,0,0,['anger'],train
ary_train_track_a_00838,@<username> siri a ghita ana bghit lik jenna o yarebi nfrhouha o tbki blfrha nhar jm3a #hananeelkhader #staracarabia,0,0,0,1,0,0,['joy'],train
ary_train_track_a_00839,البوليس الإسباني فك ريزو مكلف بنقل الحشيش المهرب من المغرب لفرنسا – فيديو,0,0,0,0,0,1,['surprise'],train
ary_train_track_a_00840,قاضي الأحداث يستنطق تفصيل­يا قاصرين شاركوا في مواجهات الطلبة والأمن,0,0,0,0,1,0,['sadness'],train
ary_train_track_a_00841,ihab ya ihab fsaraha bravo rak rajel wi nas wi3tmdo 3lih nas onta mchi ghaby ghnily m3a soso,0,0,0,1,0,0,['joy'],train
ary_train_track_a_00842,الرشوة الأمريكية وليس المال الأمريكي، لا تختلف عن جرائم أمريكا. التي لا تعد ولا تحصى.',0,1,0,0,0,0,['disgust'],train
ary_train_track_a_00843,هل انضم جورج وسوف للمعارضة السورية؟,0,0,0,0,0,1,['surprise'],train
ary_train_track_a_00844,بكوري مشغول بإعادة إنتشارالموظفين وممسوقش لـ«مناوشات» العدالة والتنمية وهاشكون حطاتو الداخلية مديرا عاما لمجلس جهة كازا سطات,0,0,0,0,0,1,['surprise'],train
ary_train_track_a_00845,اقدر جهودكم علي نشر الفيديو شكرا جدااا',0,0,0,1,0,0,['joy'],train
ary_train_track_a_00846,جورنالات بلادي2. زعيم شبكة الدعارة الراقية بمراكش يحصل على ثلث ما تجنيه الفتيات من الزبناء وهاربة تفضح شبكة لتهجير مومسات إلى الخليج,0,1,0,0,1,0,"['disgust', 'sadness']",train
ary_train_track_a_00847,la kayn chabah chwiya f had tswira wlah,0,0,0,1,0,0,['joy'],train
ary_train_track_a_00848,المغرب يرد عسكريا على استفزازات البوليساريو,1,0,0,0,0,0,['anger'],train
ary_train_track_a_00849,إغضب...فأنت لا تسحق أرضك إن بقيت ذليلا و تستلذ دور المظلومين',1,0,0,0,0,0,['anger'],train
ary_train_track_a_00850,أردوغان. غادي نوريو للخونة اش عقاب الخيانة,1,0,0,0,0,0,['anger'],train
ary_train_track_a_00852,الحكم بـ 20 سنة سجنا لأستاذة تسببت في وفاة خادمتها,0,0,0,0,1,0,['sadness'],train
ary_train_track_a_00853,حكومة فاشلة المغرب عندو مشاكيلو خصو يدخل سوق راسو ',1,0,0,0,0,1,"['anger', 'surprise']",train
ary_train_track_a_00854,المغرب واحد واحنا مغاربة موحدين من طنجة لكويرة أن شاءالله بقيادة ملكنا المحبوب محمد السادس,0,0,0,1,0,0,['joy'],train
ary_train_track_a_00855,awili wach kathadri bssa7,0,0,0,0,0,1,['surprise'],train
ary_train_track_a_00858,انا كنحبكم شكرا رأيكم يهمني',0,0,0,1,0,0,['joy'],train
ary_train_track_a_00862,ناضت فالريف وها اللي مشعلها. عجلات وطوارو الزبل سط شوارع الدريوش + صور,1,0,0,0,0,0,['anger'],train
ary_train_track_a_00864,"فضحاتهم طوموبيل شفروها هادي شهرين.. “لابيجي” دالناظور طيحات عصابة مختصة فشفرة الطوموبيلات والتزوير,",0,0,0,0,0,1,['surprise'],train
ary_train_track_a_00866,ناس جرادة عاجبهم الحال خاص غا التنفيذ التعهدات الرسمية,0,0,0,1,0,0,['joy'],train
ary_train_track_a_00868,@<username> @<username> @<username> @<username> blamatchokay a 5ti da7ki o 5ali danya d7ak lik nsay 3lik bnadm o ach yktbo,0,0,0,1,0,0,['joy'],train
ary_train_track_a_00869,أشرف حكيمي 19 السنة فخر المغرب ',0,0,0,1,0,0,['joy'],train
ary_train_track_a_00870,البشر الوحيد اللي كنحترمو فهاد السياسين هي نبيلة منيب,1,0,0,0,0,0,['anger'],train
ary_train_track_a_00874,@<username> hhhhhhhhh ya sahbi kayen ghi charfat f had domaine titiz sghir walo :v,0,0,0,1,0,0,['joy'],train
ary_train_track_a_00876,"فيها أكثر من 380 كيلو.. رزامي ديال الحشيش ضبطات فالقنيطرة وجوج بزناسة طاحو – تصويرة,",0,0,0,0,0,1,['surprise'],train
ary_train_track_a_00878,حمقتونا صافي بالمدن المغربية الرائعة',0,0,0,1,0,0,['joy'],train
ary_train_track_a_00880,ارتفاع عدد الموقوفين لي طيحهوم الرقم لي دارت النيابة العامة للتبليغ عن الرشوة وآخر متهم تشد اطلع مقدم (+وثيقة),0,0,0,0,0,1,['surprise'],train
ary_train_track_a_00881,اللعابا ديال آسفي دخلو ديربي دكالة عبدة باش يضامنو مع مشجعين مشدودين,0,0,0,1,0,0,['joy'],train
ary_train_track_a_00882,شكرًا لكم بزاف .. قريت جميع التعاليق و أسعدني تفاعلكم ♥️ أسعدكم الله 🌸﻿',0,0,0,1,0,0,['joy'],train
ary_train_track_a_00884,بلا بلا بلا .كون كان هو احسن حزب كون مخداش لبام 102 مقعد,1,0,0,0,0,0,['anger'],train
ary_train_track_a_00885,@<username> ana ghanmchi n3ess tsabho 3la khir makrahtch lkn t3atlt hhh,0,0,0,1,0,0,['joy'],train
ary_train_track_a_00886,ylh lahdt bli bdl tof hhhhhhhhhhhhhhhhhh,0,0,0,1,0,0,['joy'],train
ary_train_track_a_00887,@<username> ghadi nekhssar 3lik ghir ya3333333333333333,1,1,0,0,0,0,"['anger', 'disgust']",train
ary_train_track_a_00888,شرطة وزان توقف بائعا السفنج اغتصب ثلاث طفلات بعد إغرائهن بدريهمات,1,1,1,0,1,0,"['anger', 'disgust', 'fear', 'sadness']",train
ary_train_track_a_00889,good luck for ur concert tonight hbib dyalna🙏akid 7atewlaa3ha🔥bas kanet 7atewla3 aktar law kunt ana mawgouda😔💛,0,0,0,1,0,0,['joy'],train
ary_train_track_a_00890,#socialmedianight #hananeelkhader hnan bnt bladi ya fakhr lmaghrib nti w ihab khlikom jmi3 wkhadmo mzn whna m3akom ghniwli rifi mwah 3likom,0,0,0,1,0,0,['joy'],train
ary_train_track_a_00891,كلنا محسن فكري😢😢😢😢,0,0,0,0,1,0,['sadness'],train
ary_train_track_a_00892,لا شيء يدعونا للاحتفال ب20 فبراير علينا ان نشطب عليها من ذاكرتنا: كمازوشيين أصيلين نحتفل في كل ذكرى بهذه الخيبة المسماة 20 فبراير,1,0,0,0,0,0,['anger'],train
ary_train_track_a_00893,اعتقال بوليسي طالياني كيسرق الباسبورات وكيعطيها لمغربي يزورها,0,0,0,0,0,1,['surprise'],train
ary_train_track_a_00894,فالشعب غاضب',1,0,0,0,0,0,['anger'],train
ary_train_track_a_00895,zin li 3tani lah 3emro matel9ah #كليب_انا_الصاحب,0,0,0,1,0,0,['joy'],train
ary_train_track_a_00897,اعتقال جديد في صفوف أحد نشطاء الحراك البارزين بالحسيمة,0,0,0,0,1,0,['sadness'],train
ary_train_track_a_00898,الحمد الله على كل حال وحنا بخير الى كنتي نتي بخير',0,0,0,1,0,0,['joy'],train
ary_train_track_a_00899,لكم ألف تحية من قلب الريف..أيها الأحرار,0,0,0,1,0,0,['joy'],train
ary_train_track_a_00901,"فضايح امبراطورية الفايق.. ملف الاستيلاء على عقارات وزارة الصحة لي فجراتو “كود” فـ2018 رجع للواجهة وكيتحقق فيه مع “ال الفايق”,",0,0,0,0,0,1,['surprise'],train
ary_train_track_a_00902,بالفيديو: مشجع يفقد عقله بعد تسليط الكاميرا عليه,0,0,0,0,0,1,['surprise'],train
ary_train_track_a_00903,3ammou hamza li kidir mosaba9at lbniwtat f dm hhhhhhhh,0,0,0,1,0,0,['joy'],train
ary_train_track_a_00904,"ممكن اسي بن كيران تجي تضرب شي دورة فسلا مورا ولا مع العصر !""""""""""""""""'",1,0,0,0,0,0,['anger'],train
ary_train_track_a_00905,انفراد. ها علاش هاديك اللجنة ما صالحة لوالو: بنكيران صاق خبار “منارة المتوسط” فالتلفزيون وما عمر الموضوع تجبد فشي مجلس حكومي اياماتو,1,0,0,0,0,0,['anger'],train
ary_train_track_a_00906,الله ينصرك على المفسدين، إن شاء الله انتصار كبير',0,0,0,1,0,0,['joy'],train
ary_train_track_a_00907,استقالة الحكومة الملتحية ضرورة,1,0,0,0,0,0,['anger'],train
ary_train_track_a_00908,wa 3aderihom mssakn rah dima khassrin ou homa dima machminha hhhh rah ma3mrhom irbho ila madaroch bhal haka,0,0,0,1,0,0,['joy'],train
ary_train_track_a_00909,بالفيديو. ملتحي طعن ثلاثة فهولندا والبوليس كيقول هذا مسطي ماشي ارهابي,0,0,1,0,1,0,"['fear', 'sadness']",train
ary_train_track_a_00910,"الاحتجاجات ضد ارتفاع أسعار المواد الغذائية بدات من تطوان.. لبارح تجمعو العشرات طالبو الحكومة بدعم المواطن البسيط,",1,0,0,0,0,0,['anger'],train
ary_train_track_a_00911,@<username> zin alah ykahlik khalina fhanan oulm0saba9a daba safi madahkouch na mzyanin m3a ga3 nas rah darni rasi,0,0,0,1,0,0,['joy'],train
ary_train_track_a_00914,عصابة ديال الكريساج بالحجر والسيوفا منوضها رعدة واستنفار بين البوليس,0,0,1,0,0,0,['fear'],train
ary_train_track_a_00916,awili 3la mlahin ra kissawtouuuu ra 178 ta3 far9 o kitzad 3andhom ohna wa9fin,0,0,0,0,0,1,['surprise'],train
ary_train_track_a_00917,ماتو جدودنا و ماتو والدينا و رانا خايفين نموتو و نخليو ولادنا تلعبو بيهم كيما تلعبو بينا..... المسلم أخو المسلم.',1,0,1,0,1,0,"['anger', 'fear', 'sadness']",train
ary_train_track_a_00918,هاااا علاش ماكانبغيوش نصوتوا لي ان الدولة والمسولين نساونا,1,0,0,0,1,0,"['anger', 'sadness']",train
ary_train_track_a_00920,wa chof sb7an lah yalah dwina 3liha lbare7 ba9a noubet li fbali w had tag ghadi yetna9a mzian hhhhhhhhhhhhh,0,0,0,1,0,0,['joy'],train
ary_train_track_a_00921,إوا مع هاته النسبة لا شرعية للبرلمان أن يشرع في أمورنا وهذا نظام فاقد لشرعيته عليه بالتخلي.,1,0,0,0,0,0,['anger'],train
ary_train_track_a_00922,ach kayn albnat mafhamt walo,0,0,0,0,0,1,['surprise'],train
ary_train_track_a_00926,تمارة.. مواجهات بين البوليس ومشرملين تستعمل فيها القرطاس بعد تحريض كلب شرس,0,0,1,0,0,0,['fear'],train
ary_train_track_a_00927,شايب نصب على قوم فكازا. أوهمه بالعمل فكندا وها شحا لدا من كل واحد,0,0,0,0,0,1,['surprise'],train
ary_train_track_a_00928,الجدارمية قرقبو على شبكة ديال الدعارة فغفساي ولقا عوازل طبية وحبوب لمنع الحمل وشدُّو 3 ديال المومسات ومتهم آخر هرب,0,0,1,0,0,0,['fear'],train
ary_train_track_a_00929,kif ghannit ana hilwa w 3arfa hali👧👧 raphael htérém halak🙅🙅 anji n3tik jouj tsrfi9ate 😂😂,1,0,0,1,0,0,"['anger', 'joy']",train
ary_train_track_a_00931,هولندا: هجوم اوتريخت ارهابي والمشتبه فيه مخبع فأحد المباني-فيديو مباشر,0,0,1,0,0,0,['fear'],train
ary_train_track_a_00932,كيفاش وصلنا لهاد الشي. البودشيشية والقضاء والبوليس والصحافة التراب وازولاي والابتزاز,1,0,0,0,0,0,['anger'],train
ary_train_track_a_00933,هذا ليس موضوعنا يالصحافة الفساد   #الشارع_هو_الحل  #طحن_مو  #طحنونا_كاملين,1,0,0,0,1,0,"['anger', 'sadness']",train
ary_train_track_a_00934,الأمن الجزائري يمنع 270 مغربيا من العبور إلى ليبيا بدعوى الاشتباه في تخطيطهم للإلتحاق بداعش في ليبيا,0,0,0,0,0,1,['surprise'],train
ary_train_track_a_00935,الشطاحة مايا غادة تدخل عالم التقديم ببرنامج غاتعطي فيه النصائح للعشاق وللعيالات,0,0,0,0,0,1,['surprise'],train
ary_train_track_a_00936,عارفين غير البرويصيات والزيادات على ظهر الفقراء',1,0,0,0,0,0,['anger'],train
ary_train_track_a_00937,مخالط لمصابة بكورونا فالسمارة كيهدد بتفجير بوطا,0,0,1,0,1,0,"['fear', 'sadness']",train
ary_train_track_a_00938,"بوعياش: الابتزاز الجنسي من جرائم الاتجار فالبشر ونسبة الاستغلال الجنسي وصلات لـ50 فالمية من مجموع هاد الجرائم عالميا ف2020,",0,0,1,0,1,0,"['fear', 'sadness']",train
ary_train_track_a_00939,صحراوة الوحدويين واش قادرين على مواجهة البوليساريو. وفين مشا ولد الرشيد رئيس جماعة العيون ؟‎,1,0,0,0,0,0,['anger'],train
ary_train_track_a_00940,نتمنى له كل النجاح والتوفيق.....للانه مدرب كبير....وان الزاكي كان يضلم ويتدخل في اختيارته....هدا مايعكر صفو كل المدربين الكبار في اللعبة',0,0,0,1,0,0,['joy'],train
ary_train_track_a_00941,خاص..فضيحة اخلاقية تهز مؤسسة تعليمية بقصبة تادلة والتلاميذ يحتجون ونيابة التعليم تتدخل,0,0,1,0,1,0,"['fear', 'sadness']",train
ary_train_track_a_00943,واخا فيها الحرب.. الصبليون والبرتغال عوضو المغرب بأوكرانيا فتنظيم مونديال 2030,0,0,0,0,0,1,['surprise'],train
ary_train_track_a_00944,واش بغاو يبينو الامن ضعيف؟. جانحون يفرون من سيارة الامن بفاس ويسلمون أنفسهم للمنطقة الامنية بالمدينة,1,0,0,0,0,1,"['anger', 'surprise']",train
ary_train_track_a_00946,"البوليس فالمحافظة العقارية بعين الشق. التحقيق فتزوير وثائق 6 گطارات,",0,0,0,0,0,1,['surprise'],train
ary_train_track_a_00947,@<username> hhhh hadok ysawebo kolchi. tarikhe ki katbouh a bi stylo bik hhh,0,0,0,1,0,0,['joy'],train
ary_train_track_a_00949,"الدق فالبوليس متواصل من حموشي على اللي كيفرطو فتطبيق القانون فالسربيس.. توقيف مفتش شرطة ممتاز والتحقيق مع أمنيين وها علاش,",1,0,0,0,0,0,['anger'],train
ary_train_track_a_00950,تحية عالية على المستوى العالي والحضاري كلنا مكم كلنا محسن فكري كلنا اخوة,0,0,0,1,0,0,['joy'],train
ary_train_track_a_00951,شركة متهمة بالتعامل مع اسرائيل توظف القرآن في اشهارها. اتهامات للهاكا بغض الطرف عن توظيف الرموز الدينية,1,0,0,0,0,1,"['anger', 'surprise']",train
ary_train_track_a_00952,فيلم عن الغازات السامة بالريف يدخل منافسة السينما الافريقية بمصر,0,0,0,1,0,0,['joy'],train
ary_train_track_a_00953,توقيف رجلي أمن في العيون بسبب 20 درهم,0,0,0,0,0,1,['surprise'],train
ary_train_track_a_00954,"قاضي التحقيق بجنايات سطات هبط جوج ماليين للحبس بتهمة النصب والاحتيال وتزييف اختام الدولة,",0,0,0,0,0,1,['surprise'],train
ary_train_track_a_00956,الإحتقان كيزيد. مجموعة الصم والبكم فالعيون دايرين اعتصام بسطح مبنى محاذي للجهة والوكيل العام فك الجرة(+فيديو وصور),1,0,0,0,0,0,['anger'],train
ary_train_track_a_00957,فزمان كورونا.. المغرب هو ثاني أفضل وجهة عند البلجيكيين,0,0,0,1,0,0,['joy'],train
ary_train_track_a_00958,تشبثي بزوجك يا عواطف! دون شعارات تمكنتِ يا عواطف من إحياء الكتلة الديمقراطية,0,0,0,1,0,0,['joy'],train
ary_train_track_a_00959,ارموا الأفكار الخامجة عن الجنس والحب والخلوة فيرفع عنكم الحرج ..ثم إنكحوا كما يفعل قرود البونوبو ..,1,1,0,0,0,0,"['anger', 'disgust']",train
ary_train_track_a_00960,جديد زواج المغربيات بالسواعدة: خاص السعودي مايكونش عندو سوابق والمرا تكون موافقة !!,0,0,0,0,0,1,['surprise'],train
ary_train_track_a_00961,20 عام ديال الحبس لقاتل قائد ديال المخازنية فطنجة.. كان تعدى عليه وهو مقابل عملية هدم بني عشوائي,0,0,0,0,1,0,['sadness'],train
ary_train_track_a_00962,ديكتاتورية ” المقاطعين” ! آجي لهنا نسولك، واش مامنحقيش مانقاطعش؟ ‎,1,0,0,0,0,0,['anger'],train
ary_train_track_a_00963,حسبنا الله ونعم الوكيل، أليسوا هؤلاء أولى بالتنمية أولا قبل الكوت ديفوار ؟ ',0,0,0,0,1,0,['sadness'],train
ary_train_track_a_00964,ردو البال. نوت 7 خطار وحرق دار كاملة وإدارة الطيارن ديال الميريكان قالت للركاب ماتجيبوهش معاكم,0,0,1,0,0,1,"['fear', 'surprise']",train
ary_train_track_a_00965,أزمة سياسية غير مسبوقة فتونس.. رئيس الحكومة التونسي الفخفاض حط استقالتو,0,0,0,0,0,1,['surprise'],train
ary_train_track_a_00967,تعزينا حر شعب الحسيمة,0,0,0,0,1,0,['sadness'],train
ary_train_track_a_00969,ناس الحسيمة شكرا لكم جميعا,0,0,0,1,0,0,['joy'],train
ary_train_track_a_00970,بألف صحة و راحة لكن أخي حذاري من المقليات',0,0,0,1,0,0,['joy'],train
ary_train_track_a_00972,nasse ra waslo boston ou bnadam ba9i madarab ghire m3a karo .....?! ##url##,1,0,0,0,0,0,['anger'],train
ary_train_track_a_00973,وزارة النقل علنات على الشروع  في التسجيل باش المهنيين ياخذو دعم إضافي,0,0,0,1,0,0,['joy'],train
ary_train_track_a_00974,هنيء لنا بامثالك المغرب مازال فيه بنات الناس,0,0,0,1,0,0,['joy'],train
ary_train_track_a_00975,مطاردة أمنية تنتهي بوفاة جانح سقط عرضياً من فوق قنطرة علوها 6 أمتار بجرسيف,0,0,0,0,1,0,['sadness'],train
ary_train_track_a_00978,kifach mal ahmad al madi,0,0,0,0,0,1,['surprise'],train
ary_train_track_a_00979,ومشينا بعيد. المغرب يستدعي سفير اميركا في الرباط وها علاش وماشي الفعفاع اللي استقبلو: ما جاء في بيان الخارجية الامريكية اهانة للمغرب,1,0,0,0,0,0,['anger'],train
ary_train_track_a_00980,asgass ambarki awltma koul 3am w nti b alff 5ir inchaallah ♥♡,0,0,0,1,0,0,['joy'],train
ary_train_track_a_00981,الجامعة محيحة بالقرارات التأديبية.. ها شحال من لاعب وفريق جات فيهوم الدقة هاد الأسبوع,1,0,0,0,0,0,['anger'],train
ary_train_track_a_00982,@<username> akhir wahdin yehadrou 3ela la mode homa ntouma nssiti cheno ketelbess 3enza wela nfakrak sata2ir sidaar ..... hhhhhh,1,0,0,0,0,0,['anger'],train
ary_train_track_a_00983,mskin o hwa mnin 9aliha bla terbaya bla akhla9 mslahjya ananya matjrhatch ach ngoulikom lah y3tikom l3z ama dl rakom fih,1,0,0,0,0,0,['anger'],train
ary_train_track_a_00984,المندبة كبرات فالمغرب بعدما غرق الفيسبوك بصور جثث شباب ماتو فمحاولات حريگ فاشلة,0,0,0,0,1,0,['sadness'],train
ary_train_track_a_00985,جديد الباركو لي تقلب حدا طرفاية. تعتقو 3 ديال البحارة من الموت والبحث باقي على 7 آخرين مفقودين,0,0,0,0,1,0,['sadness'],train
ary_train_track_a_00986,ناس الحسيمة ما كيتسناو حد يجيب حقهم .. هناك رجال يجيبو حقهم و لو طارت معزة...,1,0,0,0,0,0,['anger'],train
ary_train_track_a_00988,وانت احلا سعد واقوى سعد رغم الضروف و رغم الحاقدييين',0,0,0,1,0,0,['joy'],train
ary_train_track_a_00989,الأمريكي لي بغا يهتك عرض قاصر فالفقيه بنصالح غادي يتقدم اليوم الوكيل العام للملك ببني ملال,1,1,0,0,1,0,"['anger', 'disgust', 'sadness']",train
ary_train_track_a_00990,الحبس و الخطية لجوج محترفين ف السعاية,0,0,0,0,0,1,['surprise'],train
ary_train_track_a_00991,hdana hhhhhhhh wa mn chhal hadi chi 5 ans,0,0,0,1,0,0,['joy'],train
ary_train_track_a_00993,فضيحة ف المعرض الدولي للسياحة..جاو ليه ناس معندهوم علاقة بالسياحة على ظهر المال العام,1,0,0,0,0,1,"['anger', 'surprise']",train
ary_train_track_a_00994,شفرو جامع فلسطين اللي دشنه الملك محمد السادس الجمعة الفايتة,1,0,0,0,0,0,['anger'],train
ary_train_track_a_00995,شوهتم الاسلام بأفكاركم والاسلام منكم بريئ ',1,0,0,0,0,0,['anger'],train
ary_train_track_a_00998,حصري. هكذا سقطت شبكة الدعارة الرّاقية بفاس التي تتزعمها مهندسة دولة. كيفاش كتجند وكيفاش كتخدم,0,0,0,0,0,1,['surprise'],train
ary_train_track_a_01000,تحية نضالية للدكتورة نبيلة منيب,0,0,0,1,0,0,['joy'],train
ary_train_track_a_01001,عاجل. ...الأصالة والمعاصرة كيدفعو التراكتور ديالهم مبغاش يديماري هههههه,0,0,0,1,0,0,['joy'],train
ary_train_track_a_01002,بالفيديو. برهوش ذكي نقذ راسو من الموت فحادثة سير وها آش دار,0,0,0,0,0,1,['surprise'],train
ary_train_track_a_01003,المغرب،دولة متخلفة بكل،المقاييس.زعما الدولة مسكينة عندها الكريدي،بزاف.ولكن اين هي،الثروة بطبيعة الحال،موجودة في،بنوك سويسرا,1,0,0,0,0,0,['anger'],train
ary_train_track_a_01004,لي قتل غارديا طوموبيلات فمولاي رشيد فكازا جابوه البوليس,0,0,1,0,1,0,"['fear', 'sadness']",train
ary_train_track_a_01005,@<username> lfassad o nachr da3ara chafna aflam bzf khassrin mais hada zad fih o rah hna muslimin machi kofar o hna dawla islamiya 100 %,1,0,0,0,0,0,['anger'],train
ary_train_track_a_01006,فتيات إضافيات في لائحة المدعيات بقضية المغربية روبي التي يتابع فيها الرئيس الإيطالي السابق برلسكوني,0,0,0,0,0,1,['surprise'],train
ary_train_track_a_01007,"الناموس محيح فالناظور.. ومواطنين لـ”كَود”: كنطالبو المسؤولين باش يديرو الحل قبل ما توقع شي كارثة صحية فالمدينة,",0,0,1,0,0,0,['fear'],train
ary_train_track_a_01009,اول فنان مغربي يصل ل خمسة ملايين متابعة على انستغرام',0,0,0,1,0,1,"['joy', 'surprise']",train
ary_train_track_a_01010,@<username> ana maghadich nsawlakk ms ghadi n9olikk kanhma99 3likk ntmana lik kol tawfi99 yarabb💋 💋,0,0,0,1,0,0,['joy'],train
ary_train_track_a_01012,allah ywaf9ak wysahal 3lik ya rab,0,0,0,1,0,0,['joy'],train
ary_train_track_a_01013,حاملون لـ “السيدا” يزرعون الرعب بالبيضاء ويهددون بحقن دم ملوثة,0,0,1,0,0,0,['fear'],train
ary_train_track_a_01016,بعد أشهر من الغياب.. نهيلة أبو حنيفة رجعات للمغرب من دبي وكيف حطاتها الطيارة مشات تاكل الخبز بالكاشير والفرماج -تصاور,0,0,0,1,0,1,"['joy', 'surprise']",train
ary_train_track_a_01017,بوغنبور رئيس العصبة المغربية لحقوق الانسان لـ”كود”: معندناش قضاء مستقل وكاينين غير التعليمات وارتكب مجزرة ضد معتقلي الريف,1,0,0,0,0,0,['anger'],train
ary_train_track_a_01018,سامسونج هيا التوب ها الاس 6 عندي و شحال من مرة طاح و مزال خدام السلعة د الشينوا منشريهاش و تبقى غا هي',0,0,0,1,0,0,['joy'],train
ary_train_track_a_01019,كشفو أسرار عادات الملك.. تشارلز ما كيتحركش بلا هاد المونيكة,0,0,0,0,0,1,['surprise'],train
ary_train_track_a_01020,مشهد تقشعر له الأبدان شكرا أهل الريف و ناس الحسيمة و لكم كل الاحترام,0,0,0,1,0,0,['joy'],train
ary_train_track_a_01022,مستشارة جماعية تتهم فاعلين جمعويين ومستشارة جماعية أخرى بالسرقة الموصوفة وتهديد حياتها الشخصية,1,0,0,0,0,0,['anger'],train
ary_train_track_a_01023,وثيقة مسربة تزلزل القلعة الخضراء,0,0,0,0,0,1,['surprise'],train
ary_train_track_a_01024,إضراب. مدن الفوسفاط على صفيح ساخن بعد دعوة إلى إضراب ابتداء من يوم غد,0,0,0,0,0,1,['surprise'],train
ary_train_track_a_01025,"مسؤولين كبار فالشرطة الإسبانية والحرس المدني : دعم الحكومة لمبادرة الحكم الذاتي ساهم بالزربة فحل الملفات الأمنية العالقة,",0,0,0,1,0,0,['joy'],train
ary_train_track_a_01026,العدالة والتنمية تُضيء جماعة المشور فاس الجديد,0,0,0,1,0,0,['joy'],train
ary_train_track_a_01030,تعطيل الحوار الثلاثي ماعاجبش ال”سي دي تي”: غادي نواصلو مواجهة كل التراجعات الحقوقية والاجتماعية,1,0,0,0,0,0,['anger'],train
ary_train_track_a_01031,أسلوبك هو المبهر',0,0,0,1,0,0,['joy'],train
ary_train_track_a_01032,حصيلة كورونا فهاد 24 ساعة: 308 تصابو و131 تشافاو.. الطوطال: 15079 حالة منها 11447 تعافاو و242 توفاو و3390 مازال كيتعالجو,0,0,1,0,1,0,"['fear', 'sadness']",train
ary_train_track_a_01033,مرشح استقلالي اكتسح الانتخابات من داخل الحبس,0,0,0,0,0,1,['surprise'],train
ary_train_track_a_01034,اعتقال التلميذ اللّي شرمل الزميل ديالو بفاس والأكاديمية ديال التعليم: هداك راه ماشي تلميذ راه لص محترف,0,0,0,0,1,1,"['sadness', 'surprise']",train
ary_train_track_a_01036,كنت تانقول مانصوتش ساع ملي شفت كلشي ضد بنكيران فهادا يعني هو فيه الضو عليكم,1,0,0,0,0,0,['anger'],train
ary_train_track_a_01037,شارل سان برو: رد الفعل الجزائري على تقرير البنك الدولي كيخفي حالة الإفلاس الشاملة,0,0,0,0,1,0,['sadness'],train
ary_train_track_a_01039,لي فان ديال كاري أندروود كيهددو باش يهجمو على حفل جوائز عالمي إلى المغنية ديالهم مربحاتش,1,0,0,0,0,1,"['anger', 'surprise']",train
ary_train_track_a_01040,حصيلة كورونا فالأقاليم والجهات: كازا هي اللولة فالإصابات ومراكش ماتو فيها 10 و175 تشافاو ففاس مكناس,0,0,0,0,1,0,['sadness'],train
ary_train_track_a_01041,تحية لاهل الحسيمة,0,0,0,1,0,0,['joy'],train
ary_train_track_a_01042,تسريبات محاضر البوليس فالقضايا اللي كتستأثر باهتمام الرأي العام تجبدات فندوة الجريمة.. وها آش كال عليها الدخيسي,0,0,0,0,0,1,['surprise'],train
ary_train_track_a_01043,“الكاف”: الوداد غادي يدخل العصبة باش يحافظ على اللقب ويربح البطولة 2 مرات متابعين,0,0,0,1,0,0,['joy'],train
ary_train_track_a_01044,ها طبيعة الهجوم الإرهابي لي حذرات منو الصبليون,0,0,1,0,0,0,['fear'],train
ary_train_track_a_01045,نعم لقد نجح بنكيران في القضاء على البطالة والفقر داخل أسرته,1,0,0,0,0,0,['anger'],train
ary_train_track_a_01046,galt bali rah7na sa7ara 7naya mashi kanjiw kanhadro fshi7ad b7al haka rah hiya lijabdatna 3ayrat lina bladna,1,0,0,0,0,0,['anger'],train
ary_train_track_a_01047,ليس غريبا عن الاخوان في الاردن وابطالها',0,0,0,1,0,0,['joy'],train
ary_train_track_a_01048,اللهم ارحم شهيد الكرامة محسن فكري و اسكنه فسيح جنانك يا رب العالمين,0,0,0,0,1,0,['sadness'],train
ary_train_track_a_01051,بفف 5 سنوات اخرى من سرقة وطحن ابناء الشعب في طاحونة الميزانية,0,0,0,0,1,0,['sadness'],train
ary_train_track_a_01052,العملاء برا برا و المغرب أرضي حرة',0,0,0,1,0,0,['joy'],train
ary_train_track_a_01053,عاجل. الشاب خالد فلت من إرهابيين كانو غادي يديرو عملية إرهابية فمسرح عنابة,0,0,1,0,0,0,['fear'],train
ary_train_track_a_01054,لا خير في قوم لا يحترم علمائه شيخ الإسلام إبن تيمية أشرف منكم وأعلم يا حثالة السياسة الغربية,1,0,0,0,0,0,['anger'],train
ary_train_track_a_01055,واتمنى لكل مسلم وغير مسلم في المغرب سنة سعيدة مليئة بالافراح ورفاه و نجاح وصحة ورزق الوفير وإستقرار وامن وامان',0,0,0,1,0,0,['joy'],train
ary_train_track_a_01056,حصيلة ثقيلة بزاف ديال شغب ديربي الشمال. ها شحال من طونوبيلة دكدكات وها شحال من واحد تشد,0,0,0,0,0,1,['surprise'],train
ary_train_track_a_01057,لشكر مرمد الاتحاد فالأرض.. بعدما رشح ولدو لحسن جاب بنتو لمؤسسة الفقيه التطواني وغالبا غايرشحها للانتخابات,1,0,0,0,0,0,['anger'],train
ary_train_track_a_01060,واقلا هادك البنت لي خدامات في الامانة العامة ماشي بنتك ولا مافي راسكش انها بنتك',0,0,0,0,0,1,['surprise'],train
ary_train_track_a_01061,ya3tih l3az hit rajal jazayri 9ohh hada howa hna natmanaw yji 3andna n3amlo lih sti9bal wa3ar,0,0,0,1,0,0,['joy'],train
ary_train_track_a_01062,ميريكان مع مغربية الصحرا وها اخر قرار ترامب واللي غادي يطير لفريخ للبوليساريو,0,0,0,1,0,0,['joy'],train
ary_train_track_a_01064,بوريطة على امتلاك البوليساريو لدرون كاميكاز: إيران وشي دول بغاو يخربو المنطقة بالإرهاب,1,0,0,0,0,0,['anger'],train
ary_train_track_a_01065,عارضة الأزياء اللبنانية ميريام كلينيك تتعرى بالكامل + بالصور,0,0,0,0,0,1,['surprise'],train
ary_train_track_a_01067,ضربة خايبة عند بانون.. غادي يغيب شهر والترويض فالصبح والعشية,0,0,0,0,1,0,['sadness'],train
ary_train_track_a_01068,الغش في امتحانات البوليس يسقط أستاذا جامعيا في الجديدة,0,0,0,0,0,1,['surprise'],train
ary_train_track_a_01069,amiir je suis fiére de toi nta ou souhaila jito m3a ba3diyatkom mais 9adma ba3adti manha hsak lik hit ra makatbghikch,0,0,0,1,0,0,['joy'],train
ary_train_track_a_01070,واش الخير فرمضان ممنوع أو لا؟. النسيج الجمعوي فباب برد غضبان حقاش السلطات منعات موائد الرحمان غير عندهوم دون المغرب كامل,1,0,0,0,0,0,['anger'],train
ary_train_track_a_01071,مكناس : مجرم شرمل ضابط وزاد لجوج بوليس آخرين ومانفع معاه غير القرطاس,0,0,1,0,0,0,['fear'],train
ary_train_track_a_01073,بنغلاديشي كيرغب الحكومة باش تقتل ولادو وحفادو!!,0,0,0,0,0,1,['surprise'],train
ary_train_track_a_01074,حادث مفجع فكازا. أم لاحت ثلاثة ديال ولادها من الشرجم ديال دارها.. حالتهم الصحية خايبة بزاف,0,0,0,0,1,1,"['sadness', 'surprise']",train
ary_train_track_a_01075,tfo kon ghir knt lpharamacie 7ala dak nhar,1,0,0,0,0,0,['anger'],train
ary_train_track_a_01077,"@<username> rah bayn bli @<username> """"""""ana o rassi"""""""",iwis ntmazirt waman la ya3rifoh,ghatkoun 7al9a top mli fiha ahmed o montassir",0,0,0,1,0,0,['joy'],train
ary_train_track_a_01078,عصابة المقنعين اللي خربتها فثلاثة ديال المدن جابت الربحة فالسطات,0,0,0,0,0,1,['surprise'],train
ary_train_track_a_01079,اللّي احْصل يودّي مع الحموشي.. كاميرا فض­حات بوليسي شفّر حقيبة من داخل مطار محمد الخامس,0,0,0,0,0,1,['surprise'],train
ary_train_track_a_01080,الكولونيل لي مات فحادثة سير كان معاه كومندار وكولونيل آخور حالتهم خطيرة,0,0,0,0,1,0,['sadness'],train
ary_train_track_a_01081,حنا لمغاربة كنتقاتلو غير على الهضرة!. مغربي قتل صاحبو المغربي بمقص وطورنوفيس بسباب التفاهة,1,0,0,0,1,0,"['anger', 'sadness']",train
ary_train_track_a_01082,اختراق نقطة مرورية وس­ط فاس وإصابة ضابط شرط­ة بجروح خطيرة,0,0,0,0,1,0,['sadness'],train
ary_train_track_a_01084,عصابة إجرامية منضية خدمتها. شي كيسرق الطوموبيلات. شي كيزور الاوراق والكاشيات وشي كيرشي وكيبيع,0,0,1,0,0,0,['fear'],train
ary_train_track_a_01085,chehad chi khesskum abssat haja dkhlo fiha btissam w dounia rah bnadam kayntahal chakhssya,1,0,0,0,0,0,['anger'],train
ary_train_track_a_01086,بوجدور على صفيح ساخن. حراك اجت­ماعي للمقصيين من خصص التموين واعتقال ستة أشخاص‬,0,0,0,0,1,1,"['sadness', 'surprise']",train
ary_train_track_a_01087,شاعرة مغربية تدعو مواطناتها الى “التمرد جنسيا” على الرجال بممارسة العادة السرية: كونو فاعلات ماشي مفعول فيه,0,0,0,0,0,1,['surprise'],train
ary_train_track_a_01088,نار الحب تحرق شابا في فاس,0,0,0,0,1,0,['sadness'],train
ary_train_track_a_01090,فلوس الخليج كاتنشف البطولة من نجومها.. بعد مالونكَو كاين لعابة آخرين قريب يخويو الشامپيونا,0,0,0,0,0,1,['surprise'],train
ary_train_track_a_01093,كلنا محسن فكري 😭😭😭,0,0,0,0,1,0,['sadness'],train
ary_train_track_a_01094,بلجيكا..اعتقال مغربية لتحريضها على شن هجمات إرهابية,0,0,1,0,0,0,['fear'],train
ary_train_track_a_01096,اختلاسات مالية تهز مندوبية المياه والغاب­ات وها التفاصيل ديال­ها,0,0,0,0,1,1,"['sadness', 'surprise']",train
ary_train_track_a_01097,مجلس جهة العيون غايدير منطقة صناعية ولوجيستيكية بجماعة المرسى,0,0,0,1,0,0,['joy'],train
ary_train_track_a_01098,@<username> @<username> hhh machi ana li saybto khti lah ikhliha lina,0,0,0,1,0,0,['joy'],train
ary_train_track_a_01100,3aychin f blad bnadem ki golik ( bghit gher n3ich ) ...,1,0,0,0,1,0,"['anger', 'sadness']",train
ary_train_track_a_01102,شوهة مغربية في المونديال الافريقي. المغرب منهزم امام الرأس الاخضر بهدف دون رد,1,0,0,0,0,0,['anger'],train
ary_train_track_a_01103,برلماني عن الدائرة الانتخابية سطات روشيرشي ولوسخ عندو كثير,0,1,0,0,0,0,['disgust'],train
ary_train_track_a_01104,حرب الطرق فرمضان. ماتو جوج ديال الشبان كانو راكبين “سي 90” فكسيدة خايبة بزاف,0,0,0,0,1,0,['sadness'],train
ary_train_track_a_01105,مجلس جهة العيون دار رقم أخضر ووجد ثلاثة ديال لاومبيلونصات رهن اشارة المواطنين,0,0,0,1,0,0,['joy'],train
ary_train_track_a_01107,يارب تنصرو..... وطول في عمرو..... ويخليه للشعب والعائلة الملكية...... شكرا محمد السادس,0,0,0,1,0,0,['joy'],train
ary_train_track_a_01110,لن نقبل بوزراء ليسوا برلمانيين كما لا نريد الفاسدين في حكومتنا المغربية,1,0,0,0,0,0,['anger'],train
ary_train_track_a_01111,la façon bach kayflowi fih dik lfr7a dial lah wa akhiran l9it la rime 😭😭,0,0,0,1,0,0,['joy'],train
ary_train_track_a_01112,tfarji fl vedio walaw ghir mara bach tfahmi ach kayn wana manhmalch chi had ana ba3da manchofoch aslan machi ntab3o n3ayar fih,1,0,0,0,0,0,['anger'],train
ary_train_track_a_01113,معبر مليلية على صفيح ساخن. الأمن الإسباني يطلق عيارات نارية ويصيب مُواطنين مغاربة +صور حصرية,1,0,0,0,0,0,['anger'],train
ary_train_track_a_01114,اكيد لاخوف على الوطن لانه يحكمه الملك محمد السادس نصره الله وايده اعيش ويحيا,0,0,0,1,0,0,['joy'],train
ary_train_track_a_01115,"#ibtissamtiskat mghribiya wa aftakher f toooop (maroc, jordan, arab) waaaaaw ##url##",0,0,0,1,0,0,['joy'],train
ary_train_track_a_01116,اللهم من أرادا سوءا بوطني الغالي المملكة المغربية ان تجعل كيده في نحره   حسبنا الله ونعم الوكيل,0,0,0,0,1,0,['sadness'],train
ary_train_track_a_01118,هذه القناة هي اصلا قاطعها المغاربة لانحرافها عما هو موكول لها.ففي افلاسها ليس خسارة للمغاربة بل تحررا من البرامج المدمرة',1,0,0,0,0,0,['anger'],train
ary_train_track_a_01120,دراسة: هاد الشعب مابقاش عندو مع الجنس,0,0,0,0,0,1,['surprise'],train
ary_train_track_a_01122,نعم للعدالة الاجتماعية والاقتصادية والسياسية لا للفتنة اللهم انصر الاسلام والمسلمين,1,0,0,0,0,0,['anger'],train
ary_train_track_a_01123,@<username> @<username> @<username> akiddddd ana kanhma99 3la adhamm,0,0,0,1,0,0,['joy'],train
ary_train_track_a_01124,مدمن على القرقوبي صفّاها للأب ديالو فكازا وداز لختو وللأم ديالو,0,0,0,0,0,1,['surprise'],train
ary_train_track_a_01125,برافو خطوة موفقة في علوم التكنلوجيا تضاف الي سجل المغرب البطل وستكون له مهام عديدة في استكشاف مايدور علي الارض وردع العدو الطامع',0,0,0,1,0,0,['joy'],train
ary_train_track_a_01126,a ghir mwensahoum wellah 😂😭😂😭 w brasserie la cigale in casablanca grand casablanca,0,0,0,1,0,0,['joy'],train
ary_train_track_a_01127,عاش ملكنا الهمام محمد السادس نصره الله وأيده وحفض الله الأسرة الملكية الكريمة بألف خير,0,0,0,1,0,0,['joy'],train
ary_train_track_a_01131,الجدارمية فمولاي يعقوب حصلوا طوموبيل فيها كميات كبيرة من الحوت الفاسد -تصاور,0,0,0,0,0,1,['surprise'],train
ary_train_track_a_01132,نقص كبير فـ المخزون ديال الدم فـ فاس.. معاناة المرضى تزادت وها شنو قرر مركز تحاقن الدم,0,0,0,0,1,0,['sadness'],train
ary_train_track_a_01133,استفتاء الأهرام: تاعرابت أفضل محترف في أوروبا وبرادة أفضل دولي صاعد ولمياغري يحصد جائزة التميز,0,0,0,1,0,0,['joy'],train
ary_train_track_a_01134,سؤال يدل على قمة لحقد تجاه المغرب',1,0,0,0,0,0,['anger'],train
ary_train_track_a_01135,والله واخا تبكيهم دم يا اكبر اناني ومتعنت ومتعجرف عرفته حكومة المغرب,1,0,0,0,0,0,['anger'],train
ary_train_track_a_01138,علاش لمغاربة كايمشيو لداعش؟ دراسة نفسية أمريكية لجذور لارهاب و التطرف,0,0,1,0,0,0,['fear'],train
ary_train_track_a_01139,الجديدة ضيعو الرباح فديربي دكالة عبدة ضد آسفي,0,0,0,0,1,0,['sadness'],train
ary_train_track_a_01140,و باز والله مكتحشم.بنكيران كيمص دماء ديالنا.ودا لينا رزقنا. الله ياخد غيه الحق هو واتباعه,1,0,0,0,0,0,['anger'],train
ary_train_track_a_01141,"فرقة الصقور فالداخلة فككات ريزو ديال الحريكَ,",0,0,0,0,0,1,['surprise'],train
ary_train_track_a_01143,mal bnadm cha3l tayh ktr mn nayd wach katjch3o bnt bladkom chj3oha obskat madkhloch fhyatha chkhsya bnadm hbel wllh lah y3fo,1,0,0,0,0,0,['anger'],train
ary_train_track_a_01144,بعيوي واخا حكمات عليه المحكمة بتبذير المال العام.. داير منتدى دولي باش يلمع صورتو,0,0,0,0,0,1,['surprise'],train
ary_train_track_a_01146,ولكن كولشي على الاعلام الي كيصور اوروبا في الافلام على انها ',0,1,0,0,0,0,['disgust'],train
ary_train_track_a_01147,@<username> @<username> lah ihfdek w injik w ikhlina dima khot wjiran wmthabin w ib3ed 3lina lfatanin li baghyin ifr9ona,0,0,0,1,0,0,['joy'],train
ary_train_track_a_01148,مصرع أربعة أشخاص وجرح 51 آخرين في حادثة السير قرب تازة,0,0,0,0,1,0,['sadness'],train
ary_train_track_a_01150,حرب الطرق فالمغرب حصدات 11 قتيل و1737 جريح فأسبوع,0,0,1,0,1,0,"['fear', 'sadness']",train
ary_train_track_a_01151,6 تقاسو بكورونا فجهة كَليميم فيهم جوندارم وتجار وموظف بدائرة حضرية,0,0,1,0,1,0,"['fear', 'sadness']",train
ary_train_track_a_01152,بوليس الصبليون حررو 15 بنت من المغرب ودول افريقية كانت كتستغلهم شبكة دعارة فالميريا,1,1,0,0,1,0,"['anger', 'disgust', 'sadness']",train
ary_train_track_a_01154,كلشي كيقلب ومزال ملقاو والو، إمكانيات كبيرة للبحث عن الاطفال الخمسة المفقودين والنتيجة لا شيء لحد الساعة,0,0,0,0,1,0,['sadness'],train
ary_train_track_a_01155,بالفيديو. إعتقال ثلاثة مغاربة وإسباني متهمين بالانتماء لداعش في إسبانيا,0,0,1,0,0,0,['fear'],train
ary_train_track_a_01156,ها شحال من محابسي نجح فالباك,0,0,0,1,0,0,['joy'],train
ary_train_track_a_01159,مواجهات عنيفة فعين اللُّوح صيفطات 17 عنصر من القوات العمومية للمستشفى الإقليمي بإفران,1,0,1,0,0,0,"['anger', 'fear']",train
ary_train_track_a_01161,اش غدي اوقع كاع المغرب دولة قوية والحد لله بملكه وجنوده شعبه كلنا مع الوطن وعاش الملك .,0,0,0,1,0,0,['joy'],train
ary_train_track_a_01162,hhhh rah ntoma li ghaba2kom yodarass hna daba kantkalmo fi malikat ljamal ach dakhal hadchi fljamal mako 3a9l o0000,1,0,0,0,0,0,['anger'],train
ary_train_track_a_01164,أوامر باعتقال 3 أمنيين بفاس عرضوا شابا للتعذيب في المنطقة الأمنية الرابعة,0,0,0,0,1,0,['sadness'],train
ary_train_track_a_01165,موفق إن شاء الله سبحانه.',0,0,0,1,0,0,['joy'],train
ary_train_track_a_01166,ana tyban liya a tarja3 lmaghrib 7amla b 7raymi massi7i mn chamkar raha galt mn 17 3am tat7lam b hadchi,1,1,0,0,0,0,"['anger', 'disgust']",train
ary_train_track_a_01168,@<username> @<username> chwiya ta jat dik faroha ...makhalat ma9alt .obtabi3t hal massektoch lihaa o hna bda sdaa3 ....o ana mni hdrt m3aha,1,0,0,0,0,0,['anger'],train
ary_train_track_a_01169,هههههه واش كاين شي دولة اسمها مصر ? هناك دولة العرص واتباعه من الحمير ككاتب هذا المقال ديال النم,1,0,0,0,0,0,['anger'],train
ary_train_track_a_01171,وتوما هدروا على أش غدير لحكومة جديدة أشمن منتخب ولا زبل,1,0,0,0,0,0,['anger'],train
ary_train_track_a_01172,@<username> w kol wahd 3ando jamhoro ach had tafkiir ayi haja ydirha zwina rah kaymatal wla jmhoor 3lach mamnh9ooch y3amlha zwiiin ??,1,0,0,0,0,0,['anger'],train
ary_train_track_a_01174,العافية ما زال شاعلة في بيت ترك. دنيا بطمة قلات السم لطليقة زوجها في عيد ميلا ابنتها والأخيرة ترد. محمد تبدل بزاف ملي تزوج بالفنانة المغربية,1,0,0,0,1,0,"['anger', 'sadness']",train
ary_train_track_a_01175,مصيبة هادي.. الحبس لميليارديرة ميريكانية عطات فلوس صحيحة لجماعة متهمة باستعباد العيالات جنسيا,1,1,1,0,1,0,"['anger', 'disgust', 'fear', 'sadness']",train
ary_train_track_a_01178,لا للظلم في دولة الحق والقانون وعاش الملك ناصف الضعفاء,0,0,0,1,0,0,['joy'],train
ary_train_track_a_01180,الفنانة “كونتيشا” الي ربحات مسابقة الأغنية الأوروبية مريضة بالسيدا,0,0,0,0,1,0,['sadness'],train
ary_train_track_a_01181,مورينهو معجب بموهبة مغربية,0,0,0,1,0,0,['joy'],train
ary_train_track_a_01182,ila nti katchofih mo9aziz babah khoto mamah mo3jabih kaychofoh a7san wa7id kima katchofek mamak zwin,1,0,0,0,0,0,['anger'],train
ary_train_track_a_01183,الاحزاب بانت أنها غير زايدة فهاد الجايحة والبلاد يمكن تمشي بلا بيها.. المقدم ديال دوار ولاد بلعيد أثبت أنه أكثر فائدة لدواره من كاع الأحزاب المغربية لي لاباس كون كانت بلا فائدة فقط بل هي في أحيان كثيرة مضرة كاع,1,0,0,0,0,0,['anger'],train
ary_train_track_a_01185,ريهانا دخلات لنادي المليارديرات وولات اكثر مغنية مرفحة فالعالم,0,0,0,1,0,0,['joy'],train
ary_train_track_a_01186,قانون مالية 2022.. لشكَر: غادي يزيد من تكاليف الكريديات ديال برا وحتى العمومية وغايتسبب فـ مشاكل اجتماعية,1,0,0,0,0,0,['anger'],train
ary_train_track_a_01188,نايضة في كريان سنطرال بكازا. مواجهات عنيفة بين الأمن والسكان بسبب هدم آخر براريك الكريان واعتقال البعض بتهمة العصيان,1,0,0,0,0,0,['anger'],train
ary_train_track_a_01189,ها المفاجآت لي موجداها المطربة المغربية جنات لضيوفها فعرسها,0,0,0,1,0,0,['joy'],train
ary_train_track_a_01191,شحال عطينهم أعداء البام باش خرجو انبحو,1,0,0,0,0,0,['anger'],train
ary_train_track_a_01192,والي العيون يبدع اسلوبا لمحاربة البطالة : أبناء الصحراء يدخلون سوق العمل بقطاع الصيد التقليدي,0,0,0,1,0,0,['joy'],train
ary_train_track_a_01194,بن كيران..دمر آلاف الشباب بإلغاء التوظيف المباشر....و نال في المقابل امتياز الحاق اينته بالامانة العامة للحكومة...و ابنه في الجامعة.',1,0,0,0,0,0,['anger'],train
ary_train_track_a_01196,مقتل جورج فلويد.. المتظاهرين فميركان خربو شركة ديال بريتني سبيرس وكتبو شعارات ضد العنصرية على الحيوطا,1,0,0,0,0,0,['anger'],train
ary_train_track_a_01198,ماشي شوف تلفزة هاذ القناة الجاهلة الرذيءة أنصح كل للأحرار والحرائر من شطبها والله الغني',1,0,0,0,0,0,['anger'],train
ary_train_track_a_01200,chokraan bzaaaf chahada dialak 3la ibtissam tiskat kan3tazo biha kamaghariiiba we thenk you so mush,0,0,0,1,0,0,['joy'],train
ary_train_track_a_01201,علاش ماينقدوهش كون كانت دولة أوربية كون نقدوه ..شحال ديال البشر وغير كيصور وكيتفرج. .شعب مكلللخ,1,0,0,0,1,0,"['anger', 'sadness']",train
ary_train_track_a_01202,الريف لا يركع   والحق يؤخذ ولا يعطى لاننا لسنا في دولة الحق والقانون,1,0,0,0,0,0,['anger'],train
ary_train_track_a_01204,"الأسعار دايرا الگرون فكولشي.. وزير التجهيز: مواد البني تزادت بزاف بسبب تكاليف النقل,",1,0,0,0,0,0,['anger'],train
ary_train_track_a_01205,برنامج سكن الطبقة المتوسطة فشل وبشهادة الحكومة,1,0,0,0,1,0,"['anger', 'sadness']",train
ary_train_track_a_01207,kawtar wala ana jananitni et sa robe kterrr chique woww,0,0,0,1,0,1,"['joy', 'surprise']",train
ary_train_track_a_01208,صحيفة. اصحاب المليارات خايفين من نهاية العالم وها اش دارو,0,0,1,0,0,0,['fear'],train
ary_train_track_a_01209,@<username> mabrouk 3lina o3liik lay dakhlo 3lina bssaha o salam kanouz,0,0,0,1,0,0,['joy'],train
ary_train_track_a_01210,منتهى الاستهتار بمؤسسة البرلمان.',0,1,0,0,0,0,['disgust'],train
ary_train_track_a_01211,ههههههه عبادة البام انتحروا خير لكم !!,1,0,0,0,0,0,['anger'],train
ary_train_track_a_01212,نايضة عند المصريين. شركة إنتاج تعلن عن طلب ممثلين في أفلام بورنو وماشي مشكل يكونو القاصرات! (فيديو),1,0,0,0,0,0,['anger'],train
ary_train_track_a_01213,ابناء الحسيمة يشكرونكم على تضامنكم,0,0,0,1,0,0,['joy'],train
ary_train_track_a_01214,عاجل. زعيمة اليمين المتطرف ماري لوبين تجبد المغرب فحربها مع هولاند ومعركتها ضد الاتحاد الاوربي,0,0,0,0,0,1,['surprise'],train
ary_train_track_a_01215,فيديو رائع تبارك الله عليك﻿ ',0,0,0,1,0,0,['joy'],train
ary_train_track_a_01217,مافهمتش كيفاش المغاربة أنانيين وكيقدسو الحولي كثر من حياتهم وحياة عائلاتهم.. وهانيا واخا يديرو الكسايد ويموتو بكورونا ويقتلو واليديهم.. المهم هو الشوا وبولفاف,1,0,0,0,0,0,['anger'],train
ary_train_track_a_01218,wa ri sokti koun chi ana koun chti hadik charfa dyalma3art ach smit tasiltha bahdloha lah ybahdlhom tba3ab lblaa,1,0,0,0,0,0,['anger'],train
ary_train_track_a_01220,تمنيت هاد كلمة طحن مو تقال للكريساج,0,0,0,0,1,0,['sadness'],train
ary_train_track_a_01221,"بعد شكاية للنيابة العامة.. التحقيق فاتهامات بـ”غسيل الأموال والسطو على عمارة حدا البرلمان وتكوين عصابة”,",0,0,1,0,0,0,['fear'],train
ary_train_track_a_01222,اختراق الموقع الرسمي ديال وزارة التعليم العالي والبحث العلمي والقضية وصلات للقضاء,0,0,0,0,0,1,['surprise'],train
ary_train_track_a_01223,hada howa twiiter dial lkalba li sabat hanan ##url##,1,0,0,0,0,0,['anger'],train
ary_train_track_a_01224,sbah lkhir bety kent kanftar sbah ou tfakartek mazal kantssna f follow dyalek ghadi nktb lik kl nhar,0,0,0,1,0,0,['joy'],train
ary_train_track_a_01228,ah larbet weld 9e7ba walakin 7na 7wawna les joueurs dialna bla matb9aw tkedbo 3la rasskom,1,1,0,0,0,0,"['anger', 'disgust']",train
ary_train_track_a_01229,20 عام ديال الحبس لمغربي كان سباب وفاة 49 مهاجر غرقا,0,0,0,0,0,1,['surprise'],train
ary_train_track_a_01232,لا بجامل ولا بحب المجاملات',1,0,0,0,0,0,['anger'],train
ary_train_track_a_01233,سامية أقريو تؤدي عيوط جبالة في حفل تكريمها,0,0,0,1,0,0,['joy'],train
ary_train_track_a_01234,الإتحاد الإشتراكي ربح مقعد المستشارين بفارق هربان على العدالة والتنمية,0,0,0,1,0,0,['joy'],train
ary_train_track_a_01236,إن شاء الله .وبالتوفيق له حيث استاهل',0,0,0,1,0,0,['joy'],train
ary_train_track_a_01237,اختناق كبير فلوطوروط فمداخل كازا بسباب قرار الاغلاق الغبي اللي خداتو الحكومة.. بلوكاج طوطال وصدور الناس ضاقت قبل العيد,1,0,0,0,0,0,['anger'],train
ary_train_track_a_01239,مبروك علينا كمغاربة إلتحاق ولاد عادل الميلودي بباهم للغناء ودابا يمكن ليه يعتازل وهو مطمئن أنه خلى خير خلف لخير سلف وأن الدرابو غادي يبقى مهزوز من حلوف حتى لبير الرامي,0,0,0,1,0,0,['joy'],train
ary_train_track_a_01240,الحمد لله الذي اغاثنا على قدر بنيتنا التحتية. ',0,0,0,1,0,0,['joy'],train
ary_train_track_a_01241,@<username> ghir li ma3ndhom chakhssiya kay signaliw f twitt6,1,0,0,0,0,0,['anger'],train
ary_train_track_a_01243,لمغرب العربي تحت رحمة السياسة الفرنسية',0,0,0,0,1,0,['sadness'],train
ary_train_track_a_01246,@<username> @<username> @<username> warah nti li katbrdi 3la rask ahbibti bayna madahafik 7ad albayra 3liha katbri 3la rask,1,0,0,0,0,0,['anger'],train
ary_train_track_a_01247,@<username> ana hadou aysektouli lqelb manqderch nzid lakhrine hta houma 😢😢,0,0,0,0,1,0,['sadness'],train
ary_train_track_a_01248,النكليز قهرو السويد وتأهلو للنصف النهاية لي غابو عليها من 1990,0,0,0,1,0,0,['joy'],train
ary_train_track_a_01249,بغض النظر عن العنصرية الموجهة,0,1,0,0,0,0,['disgust'],train
ary_train_track_a_01251,khasna rabho matchat kamlin daba ana m3awal 3la ziyach 🙏🏻🙏🏻🙏🏻🙏🏻,0,0,0,1,0,0,['joy'],train
ary_train_track_a_01252,الفايسبوك طيح شبكة لتحريض القاصرات على الدعارة,0,0,1,0,0,0,['fear'],train
ary_train_track_a_01254,تباركل جتي واعر انت ديما واعر الله ينور طريقك بحال قلبك واخلاقك وجهك',0,0,0,1,0,0,['joy'],train
ary_train_track_a_01255,مصرية باش ما يشكو فيها جيرانها ستاغلات شهر رمضان وقلبات دارها وكر دعارة بالنهار,0,1,0,0,0,1,"['disgust', 'surprise']",train
ary_train_track_a_01256,الدزاير مقروصة من المغرب. بوكَادوم مشا لمالي يتلاقى لجنة انقاذ الشعب المالي بعد إشادتها بالملك,1,0,0,0,0,0,['anger'],train
ary_train_track_a_01257,ولد الرشيد رد على إضراب طاكسيات المرسى بتوفير حافلات,0,0,0,1,0,0,['joy'],train
ary_train_track_a_01258,بلجيكي يربح أكبر جائزة في تاريخ اليانصيب الأوروبي,0,0,0,1,0,0,['joy'],train
ary_train_track_a_01260,"هنيئا لك يا عالمي نحن فخورون بك جدااا جدااا جدااا ... جدااا """""""""""""""" مبرووووووووووك الربحة الليلة الفرحة'",0,0,0,1,0,0,['joy'],train
ary_train_track_a_01261,سكان يحاصرون عراقي وفتاتين داخل شقة بالبيضاء قبل أن يتدخل الأمن لإيقافهم من أجل ممارسة الدعارة,0,1,0,0,0,1,"['disgust', 'surprise']",train
ary_train_track_a_01262,شوبير: ازارو ضرب يدو مع الحيط و تهرس ليه صبعو بسبب مشكل مع مدرب الاهلي,0,0,0,0,1,0,['sadness'],train
ary_train_track_a_01263,@<username> dounia lehbiba dyali kan7maa9 3lik o kanmouut 3lik rak dima mtfew9a o dima f 9loubna &lt;3,0,0,0,1,0,0,['joy'],train
ary_train_track_a_01264,@<username> baraka m'en lkdoub stp rah 9rb rass l3am,1,0,0,0,0,0,['anger'],train
ary_train_track_a_01266,وعكة صحية تلم بعميد الأسود المهي بنعطية,0,0,0,0,1,0,['sadness'],train
ary_train_track_a_01267,رونار: اللعابة كيشعرو بالحزن واليأس ولكن خاصنا نلومو ريوسنا وكان علينا نلعبو احسن واتحمل المسؤولية,0,0,0,0,1,0,['sadness'],train
ary_train_track_a_01269,الجدارمية شدوا ثلاثة ديال الشينوا لقاوهم دايرين مصنع سري لتجفيف خيار البحر,0,0,0,0,0,1,['surprise'],train
ary_train_track_a_01270,كلنا محسن فكري أن لله وانا اليه راجعون,0,0,0,0,1,0,['sadness'],train
ary_train_track_a_01272,"وزيرة الانتقال الطاقي: مكنشريوش الغاز من اسبانيا وها شنو تافقنا معها.. وكنوجدو صفقات مع دول صديقة منها قطر باش نستوردو الغاز الطبيعي,",0,0,0,1,0,0,['joy'],train
ary_train_track_a_01273,الشعوب العربية و شعوب شمال إفريقيا لا تريد شريعتكم الهمجية، الشريعة دمرت سوريا والعراق وأفغانستان واليمن وليبيا والجزائر العشرية السوداء ',1,0,0,0,0,0,['anger'],train
ary_train_track_a_01274,@<username> @<username> merci beaucoup akiiid bensawet o hiya li rah terbah ##url##,0,0,0,1,0,0,['joy'],train
ary_train_track_a_01276,الحرب.. صور أقمار صناعية بينات توسع سريع لمقبرة جنوب أوكرانيا,0,0,1,0,1,0,"['fear', 'sadness']",train
ary_train_track_a_01277,"اللهم و اصلح بطانته وخذ بيده واعنه على عمل الخيرات.""""""""""""""""'",0,0,0,1,0,0,['joy'],train
ary_train_track_a_01278,ملكنا محمد السادس انسان متواضع و من  تواضع لله رفعه وحفظه .,0,0,0,1,0,0,['joy'],train
ary_train_track_a_01279,العرايشي يمر لسرعة قصوى في قضية الصحافي راضي الليلي: حراس مبنى الشركة الوطنية للاذاعة والتلفزة يمنعونه من الدخول,0,0,0,0,0,1,['surprise'],train
ary_train_track_a_01281,benegativete rifia amaziria  سامحني بالله لو كان خوك او بوك الي طحنوه يا هل ترى ستكتبين ما كتبت,0,0,0,0,1,0,['sadness'],train
ary_train_track_a_01282,أنا شخصيا أشكركم على كل ما قدمتم من إنجازات وصوتي دائما لحزبكم حزب العدالة وتنمية',0,0,0,1,0,0,['joy'],train
ary_train_track_a_01283,أبدعت اختزلت الواقع',0,0,0,1,0,0,['joy'],train
ary_train_track_a_01284,: ها علاش مكنقراوش للقصص للاطفال قبل النوم😂😂😂,0,0,0,1,0,0,['joy'],train
ary_train_track_a_01285,"إحالة محامي على النيابة العامة ففاس بسباب تورطو فانتزاع عقار من مولاه,",0,0,0,0,0,1,['surprise'],train
ary_train_track_a_01286,المغربية مريم حسين فرحانة بحداكة بنات بلادها,0,0,0,1,0,0,['joy'],train
ary_train_track_a_01287,أسيري اتقي الله ونوضي تصلي ركي شرفتي أشبغيتي ب شي سياسة,1,0,0,0,0,0,['anger'],train
ary_train_track_a_01288,المغاربة خاصهوم دولة بدون فساد لأن المغاربة شرفاء,1,0,0,0,0,0,['anger'],train
ary_train_track_a_01289,قريب غادي يتعلن عليه.. حجر صحي و منع التنقل بالليل ف رمضان ومصدر حكومي لـ”كَود”: ها كيفاش غادي يدوز هاد الشهر,0,0,1,0,1,0,"['fear', 'sadness']",train
ary_train_track_a_01290,no one ma grand mère rah dak lkhedama dak lmoujrima ma bghatch tb9a tji w zayda talba 1l dzit w 9altek khassek telbi meni sma7a,1,0,0,0,0,0,['anger'],train
ary_train_track_a_01293,لوجه لاخر لقضية هاجر الريسوني. مندبة عند العائلات المخزنية بسباب ولدهم اللي تضرب بعامين,0,0,0,0,1,0,['sadness'],train
ary_train_track_a_01294,اللهم أنصره يارب العالمين وأحفظ المملكة المغربية من كل المكروه,0,0,0,1,0,0,['joy'],train
ary_train_track_a_01295,الفرزيات حول احتلال الملك العمومي بحي جيليز منوضا الصداع في مراكش,1,0,0,0,0,0,['anger'],train
ary_train_track_a_01296,من أشهر اليخوت فالعالم.. إسبانيا صادرات باطو ديال روسي مقرب من بوتين,0,0,0,0,0,1,['surprise'],train
ary_train_track_a_01299,هذا صحافي مسكين الحقد والغل املئ قلبه',1,0,0,0,0,0,['anger'],train
ary_train_track_a_01303,داعش تتغلغل. تلاميذ يكتبون عبارات تمجد لتنظيم “داعش” بفاس قبل أن يعمدوا إلى طمسها,0,0,1,0,0,0,['fear'],train
ary_train_track_a_01304,هؤلاء المدعوون إلى عرس مولاي رشيد اليوم,0,0,0,1,0,0,['joy'],train
ary_train_track_a_01305,الصداع فالجمعية المغربية لربابنة الطائرات غادي وكيكبر. استقالة أخرى من عضوية مكتبها تحطات لرئيسها,1,0,0,0,0,0,['anger'],train
ary_train_track_a_01306,خاص. الداخلية محيحة ضد احتلال الملك العمومي ففاس.. وها تعليمات الولاية لرجال السلطة فالمدينة,1,0,0,0,0,0,['anger'],train
ary_train_track_a_01307,هذا ما يستهل العرب.هذه الا البداية .يتركون المساجد فارغة و يخرجون بالشعارات و والوقفات في الشوارع ',1,0,0,0,0,0,['anger'],train
ary_train_track_a_01308,انرتي نجمتي',0,0,0,1,0,0,['joy'],train
ary_train_track_a_01309,بالفيديو. نايضة على مزارع طيور النعام فجنوب افريقيا كيعذبو هاد الطيور بشكل وحشي,1,0,0,0,0,0,['anger'],train
ary_train_track_a_01311,انفجار يهز موقف الطائرات في مطار بإسطنبول,0,0,1,0,0,1,"['fear', 'surprise']",train
ary_train_track_a_01312,ihaaab nta tstaleel la9ab o nta charaftii l maghreeb tkp pas hna mftakhriin biiik wlah ila raak charaf l mdint asefi kan7ma9 3lik,0,0,0,1,0,0,['joy'],train
ary_train_track_a_01313,que la vérité bbb lach nekdeb o ana kawni mostami3 kanchuf akhla9 l fanan 9bal men sawt dyalo o nti tjam3u fikk bjuj y,0,0,0,1,0,0,['joy'],train
ary_train_track_a_01316,قياد يدهسون مواطنين. بعد قائد تاونات: قائد يدهس مواطنا بسيارته ويصيبه بجروح خطيرة,1,0,0,0,1,0,"['anger', 'sadness']",train
ary_train_track_a_01319,النقابة الوطنية ديال صناعات البترول مزالة محيحة على الحكومة وها باش كتطالب,1,0,0,0,0,0,['anger'],train
ary_train_track_a_01321,بالفيديو. رجال أمن إيطاليين يقتحمون مبنى لإعتقال مغربي متهم بالانتماء لداعش,0,0,1,0,0,0,['fear'],train
ary_train_track_a_01323,daba wach hada tanz oula hna hmir oulz ils nous prennent pour des hmirs 100 000 par mois ou mskine yallah ferech salon bazzaz,1,0,0,0,0,0,['anger'],train
ary_train_track_a_01324,مغربية أرملة مليونير سعودي شهير تطالب بإثبات نسب ابنها ومنحه نصيبه,0,0,0,0,1,0,['sadness'],train
ary_train_track_a_01326,soltana mbrouk roujo3ik w inchallah fi ta9adom bn chance w khdemi f leval mzian je taime,0,0,0,1,0,0,['joy'],train
ary_train_track_a_01327,حقدكم وتحالفكم الخبيث ضد بنكيران وحزبه العدالة والتنمية يجعل المواطن المغربي بقليل من الوعي يصوت على المصباح,1,0,0,0,0,0,['anger'],train
ary_train_track_a_01328,مؤشرات على قبول الاستقلال المشاركة فالحكومة: شباط امام معارضة قوية لجهات الصحراء والشرقية اللي نوضوها مع البام,1,0,0,0,0,0,['anger'],train
ary_train_track_a_01330,o had klma kanolha diima ya3ni fhad lahda fahmouuni ana baa3iida 3la anani nsseb onkrah blad kamla,1,0,0,0,0,0,['anger'],train
ary_train_track_a_01331,من الحسيمة تحية خالصة لناس كازا و جميع مناطق المغرب و الله يرحم أخونا محسن   #طحن_مو,0,0,0,0,1,0,['sadness'],train
ary_train_track_a_01332,العيون.. بحار مات بعدما طاح من باطو ديال الصيد,0,0,0,0,1,0,['sadness'],train
ary_train_track_a_01333,الحسيمة جوهرة المتوسط وأجمل مدن شمال إفريقيا',0,0,0,1,0,0,['joy'],train
ary_train_track_a_01335,تحية لناس الحسيمة المغاربة الحرار,0,0,0,1,0,0,['joy'],train
ary_train_track_a_01336,لا دخل السياسة في الرياظة ....الشعب المغربي والجزاءري اخوة....الله اوفق,0,0,0,1,0,0,['joy'],train
ary_train_track_a_01337,nkbo wla mankdboch haak chgholbna siri sawti akhti wiha frask,1,0,0,0,0,0,['anger'],train
ary_train_track_a_01338,سعد لمجرد حزين بسبب وفاة صديقه,0,0,0,0,1,0,['sadness'],train
ary_train_track_a_01340,محكوم بسنتين سجنا نافذا.. علاش محكمة النقض مزال محسمات فـ ملف رئيس الجهة الشرقية وخا داز على هاد الحكم اكثر من عامين.. واش حتى تدوز الانتخابات؟,1,0,0,0,0,0,['anger'],train
ary_train_track_a_01343,رئيس النيابة العامة فمنزل الطالب اللّي قتلوه رميا الرصاص فمراكش +صورة حصرية,0,0,0,0,1,0,['sadness'],train
ary_train_track_a_01344,هجوم عنيف على غزاوي بسبب تحوله من قراءة القرآن إلى الغناء,1,0,0,0,0,0,['anger'],train
ary_train_track_a_01345,محاكمة مغربي اخترق النظام المعلوماتي لشركة تجارية خليجية ونصب على الزبناء ديالها في عشرات الملايين,0,0,0,0,0,1,['surprise'],train
ary_train_track_a_01346,هدية غالية بزاف من الملك لأوباما,0,0,0,1,0,0,['joy'],train
ary_train_track_a_01347,عاجل. تأجيل محاكمة الزفزافي وصحابو بسباب رفض المعتقلين الحضور,0,0,0,0,0,1,['surprise'],train
ary_train_track_a_01348,عصابة نصبات على مؤسسات قروض استهلاك في عشرات الملايين بتزييف أختام الدولة,0,0,0,0,0,1,['surprise'],train
ary_train_track_a_01349,شكرا اورونج فالا نترنيت تصل الينا حتى البوادي وان لم اقل الجبال فاورنج انهت عزلتنا شكرا مرة اخرى عيد ميلاد سعيد مع المزيد والحرص على العمل ',0,0,0,1,0,0,['joy'],train
ary_train_track_a_01350,رئيس جماعة حدا مراكش وبامي دخل فحيط لقصر وتشد,0,0,0,0,0,1,['surprise'],train
ary_train_track_a_01352,"@<username> mli ghadi itfarcho papa j veux 100dh, mais send nudes d'abord",0,1,0,0,0,0,['disgust'],train
ary_train_track_a_01353,الوكيل العام يحيل أقارب أكبر منعش عقاري بالشمال على قاضي التحقيق بتهم الاختطاف والاحتجاز ودرك طنجة استداعهم فمسطرة أخرى عندها علاقة بالمخدرات,0,0,0,0,0,1,['surprise'],train
ary_train_track_a_01354,غير هادي خاصو يمشي عليها الحبس، واش هاد الكيدار كان تيهضر بصفتو رئيس حكومة و لا مرشح!!!؟,1,0,0,0,0,0,['anger'],train
ary_train_track_a_01355,يا فرحتي، يا بهجتي، مايسة تذكرني بالاسم، وتتهم موقع كود! من أجلك يا مايسة أقاطع الحليب والماء والوقود والقرنبيط والملفوف,0,0,0,1,0,0,['joy'],train
ary_train_track_a_01356,سفيان أمرابط ربح جائزة فالطاليان,0,0,0,1,0,0,['joy'],train
ary_train_track_a_01357,البام هو المرشح الاول بشراء الاصوات والتحريض بشتى القوالب ضد البيجيدي.,1,0,0,0,0,0,['anger'],train
ary_train_track_a_01358,منورين ربي يحميكي',0,0,0,1,0,0,['joy'],train
ary_train_track_a_01360,أبناء مدينتي الحبيبة أسأل الله ان يرحمكم ويصبر اهاليكم . تحية نضالية للساكنة الصامدة',0,0,0,0,1,0,['sadness'],train
ary_train_track_a_01361,الى كنتي رئيس حكومة سير صلح راسك,1,0,0,0,0,0,['anger'],train
ary_train_track_a_01362,فضيحة الطبيب الامريكي لي غتاصب 140 قاصر بينهم بطلات امريكيات في الاولمبيات تعود للواجهة,0,1,1,0,1,0,"['disgust', 'fear', 'sadness']",train
ary_train_track_a_01363,قاصر ينتحر شنقا حيث ماجابش نقطة مزيانة في الامتحان',0,0,0,0,1,0,['sadness'],train
ary_train_track_a_01365,البوليساريو رفعات دعوى قضائية ضد صندوق الإستثمار النيوزلندي بسباب فوسفاط الصحرا,0,0,0,0,0,1,['surprise'],train
ary_train_track_a_01366,اسبانيا.. ها شحال ديال الحبس كيتسنا ارهابيين مغاربة متهمين بتجنيد الناس لداعش والتحريض على تنفيذ هجمات إرهابية ف أوروبا,0,0,1,0,0,0,['fear'],train
ary_train_track_a_01367,يا بني ، لقد فاتك القطار ، كونا منتخب بدونك وحتي وإن انهزم فلا بأس. ',1,0,0,0,1,0,"['anger', 'sadness']",train
ary_train_track_a_01369,"كسيدة خايبة فالداخلة.. جوج ماتو بعدما تقلبات بيهم طوموبيل وسط المدينة,",0,0,0,0,1,0,['sadness'],train
ary_train_track_a_01371,نايضة في مدرسة “الكاك”,1,0,0,0,0,0,['anger'],train
ary_train_track_a_01372,ملكة جمال قطعات رجلها بعدما كتاشفت خلل فالشرايين,0,0,0,0,1,1,"['sadness', 'surprise']",train
ary_train_track_a_01373,نصبو على خليجي باسم كولونيل مزيف وشركة وهمية وبغاو يبيعو ليه الحوت في البحر,0,1,0,0,0,1,"['disgust', 'surprise']",train
ary_train_track_a_01374,aah 5l3toni wach daz li9a2 dyalo fl7ora lyom knt 5arja machftoch,0,0,1,0,0,0,['fear'],train
ary_train_track_a_01375,ميسي المغرب نتمنى له عودة موفقة',0,0,0,1,0,0,['joy'],train
ary_train_track_a_01377,incha2lah ykon f aman o salam i howa maskin nomine o rah 3arf hadxi o ncha2lah raj3 b a2la nissba had lmawsim ilakan m3a lhaycha,0,0,0,1,1,0,"['joy', 'sadness']",train
ary_train_track_a_01378,hna kanmoto 3lik kifma nti b9ay m3a rafa wakha kaytkhasem m3ak rah 3ziza 3lih hna likanchofo kolchi slm,0,0,0,1,0,0,['joy'],train
ary_train_track_a_01379,خليك مع طعريجتك آش داك للسياسة..باااااااااااز,0,1,0,0,0,0,['disgust'],train
ary_train_track_a_01381,"منذ بداية الولاية الحكومية. 8475 منصب شغل مباشر وغير مباشر جديد خرج للوجود.. أخنوش: خاص الحرص على الفعالية فدراسة المشاريع اللي كتدوز فلجنة الاستثمارات,",0,0,0,1,0,0,['joy'],train
ary_train_track_a_01382,قتل صديقه في جلسة خمرية بالبيضاء وأوقف داخل حافلة متوجهة نحو خريبكة,0,0,0,0,1,1,"['sadness', 'surprise']",train
ary_train_track_a_01383,نوال الزغبي غادي تعتازل الغنا وها فوقاش- فيديو,0,0,0,0,0,1,['surprise'],train
ary_train_track_a_01384,wa ghire sawtoo manardawch ibtissam tkon hiya 6 min wra tolab akhrin hna mwalfin dima bi sadara,1,0,0,1,0,0,"['anger', 'joy']",train
ary_train_track_a_01385,بوحناك ديال التصرفيق بغى شي وزارة، عطيه ابن كيران وزارة الرياضة على الله ادير السبور,1,0,0,0,0,0,['anger'],train
ary_train_track_a_01386,كوبل مغربي ففرنسا اضطر يسد الريسطو ديالو بسباب التهديدات والاستفزازات العنصرية,0,0,0,0,1,1,"['sadness', 'surprise']",train
ary_train_track_a_01387,اتمنى صادقا ان لا ارى بعد اليوم صور هذا الشخص على هذا المنبر .كفى معاناة',1,0,0,0,1,0,"['anger', 'sadness']",train
ary_train_track_a_01388,chto oghnit ndir mabghitt ghir makhdatch ha9haa raha top du top walah,0,0,0,1,0,0,['joy'],train
ary_train_track_a_01389,ما بغاش يسالي هاد الفيلم.. 85 حراگ تشدّو عاوتاني فسواحل الداخلة,1,0,0,0,1,0,"['anger', 'sadness']",train
ary_train_track_a_01391,saad good luck👏 inchallah ykon 7afl 🔝 bhal dima😉 akide👌 radi tharasse💣 3lihom stage 😂😘😂😘 all the best,0,0,0,1,0,0,['joy'],train
ary_train_track_a_01392,عاجل: انفصاليون مزال مابغاو يحشمو وزادو بالاستفزازات فالمنطقة العازلة (+صور),1,0,0,0,0,0,['anger'],train
ary_train_track_a_01394,شي يتقاتل شي يديها باردة هادو باغيين يديرو امشاكل لالمنتخب الاعبين ماي قبللوشي بهاد المنظر ',1,0,0,0,0,0,['anger'],train
ary_train_track_a_01395,woww ghadi tefra7 bzzf thank uu aaliaaa,0,0,0,1,0,0,['joy'],train
ary_train_track_a_01396,التكناوتي: كنشكر الوداديين على دعمهم وغادي نديرو شي حاجة هاد المرة فالمونديال,0,0,0,1,0,0,['joy'],train
ary_train_track_a_01397,المغربية “روبي” هاربة من دار لإيواء الفتيات المضطربات عقليا في صقلية,0,0,0,0,0,1,['surprise'],train
ary_train_track_a_01398,ديما منيب كلامها في الصميم,0,0,0,1,0,0,['joy'],train
ary_train_track_a_01399,جنيل اوى اوى وحكم حلوة والله',0,0,0,1,0,0,['joy'],train
ary_train_track_a_01400,"نظام العسكر فالدزاير طلق اللجام لأبواقو للهجوم على وزير خارجية إسبانيا,",1,0,0,0,0,0,['anger'],train
ary_train_track_a_01401,الفتح حتى هو تأهل واخا خسر,0,0,0,0,0,1,['surprise'],train
ary_train_track_a_01402,بوليسي فـ فاس جبد السلاح على شخص كان هاز جنوية و هدد بها الناس والبوليس,0,0,1,0,0,0,['fear'],train
ary_train_track_a_01404,حروب باطما متواصلة.. ها باش ردات على تسميتها ب «دينا بطة»,1,0,0,0,0,0,['anger'],train
ary_train_track_a_01405,@<username> @<username> khsskum tghaniwlla ughnia dial ihab bash t7ss blli sa sentiments wessluna,0,0,0,1,0,0,['joy'],train
ary_train_track_a_01407,شيفور ف حالة غير طبيعية قتل 3 مواطنين فطنجة,0,0,0,0,1,0,['sadness'],train
ary_train_track_a_01408,سابقة. محكمة أكادير الإدارية توقف تنفيذ ميزانية مجلس جهة كلميم وادنون,0,0,0,0,0,1,['surprise'],train
ary_train_track_a_01409,طوشاك مقلق من لاعبي الوداد,0,0,0,0,1,0,['sadness'],train
ary_train_track_a_01410,ana ghaaaaa tan3awnk o sf and low key baghaha fihom devil mskin 3ya,0,0,0,0,1,0,['sadness'],train
ary_train_track_a_01411,دقة تابعة دقة عند شب­اط.. مهندسو الاستقلال ينقلبون عليه ويُطا­لبون برأسه,1,0,0,0,0,0,['anger'],train
ary_train_track_a_01412,الحرب.. الجيش الأوكراني رجّع مناطق جديدة فـ”خيرسون” وكيوجد لمواجهات جديدة فلوغانسك,0,0,1,0,0,0,['fear'],train
ary_train_track_a_01413,واش هذه الأحزاب السياسية كلها عندنا .والناس عندها فقط يمين يسار قاديه الغرض,1,0,0,0,0,0,['anger'],train
ary_train_track_a_01414,wlah ya babaha wojat nlemaghrib ya7ta ndiroliha 3aha mosetadima bach nweriwha mgharba chkaysewaw,1,0,0,0,0,0,['anger'],train
ary_train_track_a_01417,"ضربة خايبة لمرشحة اليمين المتطرف تزامنا مع الانتخابات الرئاسية ففرنسا.. المكتب الأوروبي لمكافحة الاحتيال: مارين لوبان فايت هرفات على 600 ألف أورو,",0,0,0,0,0,1,['surprise'],train
ary_train_track_a_01418,لالالا مستحيل ان أقبل بتاجر دين رئيس لحكومة ذئب ملتحي يرتدي لباس حمل وديع,1,0,0,0,0,0,['anger'],train
ary_train_track_a_01421,ضاحي خلفان سينتحر حزنا على الأموال التي أعطاها للبام ولم تنفع في هزم العدالة والتنمية,0,0,0,0,1,0,['sadness'],train
ary_train_track_a_01423,حرب الامر بالصرف تنتقل الى الصحف. بوعشرين: اخنوش حرمنا من اعلانات بعد نشرنا الخبر وساقاضيه ووزارة الفلاحة: بوعشرين يريد الظهور بمظهر الضعيف وسنقاضيه,1,0,0,0,0,0,['anger'],train
ary_train_track_a_01424,“الشهب الاصطناعية” خرجات على شي وحدين ففاس: غادي يدوزو اليوم أمام المحكمة الابتدائية,1,0,0,0,0,0,['anger'],train
ary_train_track_a_01426,روح طاحت فآيت ملول,0,0,0,0,1,0,['sadness'],train
ary_train_track_a_01427,شكرا لبنكيران لانه اقتطع من راتبي  ولاية ثانية انشاء الله,1,0,0,0,0,0,['anger'],train
ary_train_track_a_01428,متظاهرون يرددون: وزان ياجوهرة خرجو عليك الشفارة” ما دار والو مادار والو المجلس يمشي فحالو” والعمالة زوقتوها والنهضة نسيتوها,1,0,0,0,0,0,['anger'],train
ary_train_track_a_01430,ضرة دنيا باطما دات ليها الدراري,0,0,0,0,0,1,['surprise'],train
ary_train_track_a_01432,أين هو أمير المؤمنين و ملك الفقراء ؟؟؟؟ ما حاجتنا لقمر صناعي و لا يزال البلد غارقا في المشاكل الاجتماعية؟؟',1,0,0,0,0,0,['anger'],train
ary_train_track_a_01433,الشيخ ياسين عاش رجلا نزيها فاضلا زاهدا مستقيما ومات على ذلك فهو أهل للاقتداء،',0,0,0,1,0,0,['joy'],train
ary_train_track_a_01436,عاجل. تجاوز “بلوكاج” تشكيل الحكومة بعد لقاء بين بنكيران ولشكر.. وها باش خرج,0,0,0,0,0,1,['surprise'],train
ary_train_track_a_01437,sif o lbhar wili wili 😆,0,0,0,1,0,0,['joy'],train
ary_train_track_a_01438,لكم الحق في التصويت وليس لكم الحق في فوسفاط وجوج بحورة هذه هي الديمقراطية في الملكة المغربية,1,0,0,0,0,0,['anger'],train
ary_train_track_a_01441,العلمانية في خطر. النقاش الدائر في فرنسا خاطئ لانه يشعرنا ان الاسلام وحده ينتج المتطرفين,1,0,1,0,0,0,"['anger', 'fear']",train
ary_train_track_a_01442,لعافية شاعلة ف سمارة : حريق مهول بالغابة و السكان خايفين على ديورهم (صورة حصرية)‏,0,0,1,0,1,0,"['fear', 'sadness']",train
ary_train_track_a_01445,"أرقام كتخلع جابتها مندوبية التخطيط فالعنف الزوجي والأسري.. 52,1 فالمية دالعيالات المزوجات كياكلو العصا.. و56,1 فالمية من العكَوزة والنساب",0,0,1,0,0,1,"['fear', 'surprise']",train
ary_train_track_a_01446,حمد الله محيح فالسعودية. دا احسن لاعب والحذاء الذهبي وقال: هاد الجائزة يستحقها امرابط,0,0,0,1,0,0,['joy'],train
ary_train_track_a_01447,الحب.. جون ترافولتا احتفل بذكرى وفاة مراتو كيلي بريستون بالشطيح مع بنتهم -فيديو,0,0,0,1,0,0,['joy'],train
ary_train_track_a_01448,@<username> tana kay3jabni lfa9ra dyal flach,0,0,0,1,0,0,['joy'],train
ary_train_track_a_01450,سلام عليكم هنيئا للشعب المغربي بهذا الإنجاز العظيم الذي اتمنى ان لا يقف عند هذا الحد ب',0,0,0,1,0,0,['joy'],train
ary_train_track_a_01452,hhhhhhhhhhhhhhhh hadik lbnt li 9alt ihaaaaaaab aktar chohra 3ndna f lmghrib mn khanan odina omaraouan,0,0,0,1,0,0,['joy'],train
ary_train_track_a_01453,تحية لي مدينة طنجة حي بني مكادة حي العرفان حي صدا حي العرفان من مدينة دخلة ',0,0,0,1,0,0,['joy'],train
ary_train_track_a_01455,جوج أستاذات تهمو مدير وحارس بالتحرش وإحداهن حامل لوكيل الملك: قاليا غير جوج بوسات كيقضيو الغرض,1,1,0,0,0,0,"['anger', 'disgust']",train
ary_train_track_a_01456,tbarkalah 3la lalla nozha o sdi lbachir #sam_b @<username> #saadlamjarred #lm3allem #سعد_المجرد #لمعلم ##url##,0,0,0,1,0,0,['joy'],train
ary_train_track_a_01458,شاعلة ف جمعية الأعمال الاجتماعية لموظفي مجلس المستشارين ونايضة استقالات,1,0,0,0,0,1,"['anger', 'surprise']",train
ary_train_track_a_01459,ntoma dokhlo ghir so9 raskom bina wbinhom hna 3andna kolchi bdala2il,1,0,0,0,0,0,['anger'],train
ary_train_track_a_01460,ارتفاع عدد قتلى الهجوم على فندق في مدينة سوسة التونسية إلى 19 (صور),0,0,1,0,1,0,"['fear', 'sadness']",train
ary_train_track_a_01462,جوج مثليين سالاو الجنس جبدو لمضا على بعضياتهم,0,0,0,0,0,1,['surprise'],train
ary_train_track_a_01464,"عاجل. جنايات فاس فرقات 14 لعام ديال الحبس على جدارمية ومخازنية متهمين بالتهريب الدولي للمخدرات,",0,0,0,0,0,1,['surprise'],train
ary_train_track_a_01465,صاحب مشروع سياحي بالداخلة لا يعترف بالعملة الوطنية الدرهم,1,0,0,0,0,0,['anger'],train
ary_train_track_a_01467,واخا الأجواء متوترة. محمد السادس هنأ عبد المجيد تبون,0,0,0,0,0,1,['surprise'],train
ary_train_track_a_01470,إغضب...فإن الارض تعشق الثائرين',1,0,0,0,0,0,['anger'],train
ary_train_track_a_01471,تطورات جديدة في قضية عصابة القلعية لي تقتل أحد أفرادها برصاص الدرك,0,0,0,0,0,1,['surprise'],train
ary_train_track_a_01473,rabi ykhali alhbiba makayn ghir nachat o chi machat,0,0,0,1,0,0,['joy'],train
ary_train_track_a_01475,برافو لسكان مدينة الحسيمة الجميلة على اخلاقكم ووعيكم سكان مدينة وجدة نحبكم كثيرا.,0,0,0,1,0,0,['joy'],train
ary_train_track_a_01476,"“نفاق” الشيخ عويطة لي نشط انطلاقة “فرصة”. آراء متطرفة ضد مؤسسات الدولة واتهم وزارة الأوقاف بخدمة البام فالانتخابات وسب الاحرار وشكك فقدرات الاجهزة الأمنية وشبه اخنوش بالسيسي ودافع على تركيا ضد بلادو,",0,1,0,0,0,0,['disgust'],train
ary_train_track_a_01478,جميل اختي عفاف  حبيت ♡♡﻿  ',0,0,0,1,0,0,['joy'],train
ary_train_track_a_01479,حصري. أخنوش خرج فبنكيران عبر “كود”: همنا ديما ندعمو الفقرا ورئيس الحكومة اللي كيتسنى فتشكيل التحالف وما ضغط عليه حد وراه عارف باللي لمغاربة ما عطاوهش اغلبية مطلقة وخاصو يحتارم ادارة اللي صوتو,1,0,0,0,0,0,['anger'],train
ary_train_track_a_01481,خلى غي الجيران. سمحات فيه صاحبتو.. قتلها هي وصاحبها الجديد وعائلتها,0,0,1,0,0,0,['fear'],train
ary_train_track_a_01482,جوج دالمغاربة طحنهوم تران فإيطاليا فظروف غامضة,0,0,0,0,1,0,['sadness'],train
ary_train_track_a_01483,موازين لا روح له. هو بحال واحد صحيح عندو غير العضلات والقوة وما كيعترفش بالروح. جا للرباط بالقوة وتفرض على لمغاربة بالقوة,1,0,0,0,1,0,"['anger', 'sadness']",train
ary_train_track_a_01484,"بلغاريين وإيرانيين تشدو البارح فمطار محمد الخامس.. عندهم علاقة بريزو ديال الحريكَ والاتجار فالبشر وها التفاصيل,",0,0,0,0,0,1,['surprise'],train
ary_train_track_a_01485,أميرة في النرويج تخلات على اللقب ديالها باش تخدم مع خطيبها في هاد المجال,0,0,0,0,0,1,['surprise'],train
ary_train_track_a_01486,hhh ana dert liha blok mab9itch kan9raa ac kaktbb mais bayna jatha lala homa m3rofin katjihom lhala,1,0,0,0,0,0,['anger'],train
ary_train_track_a_01487,خطير. اعتداء مسلح على طبيب وفاعلة جمعوية في زمن كورونا بميدلت,0,0,1,0,0,0,['fear'],train
ary_train_track_a_01489,@<username> @<username> chokeran lik hbib lmaghrib,0,0,0,1,0,0,['joy'],train
ary_train_track_a_01490,مع الصراع الانتخابي: رئيسة مقاطعة حسان سحبات التفويض من مدير المصالح والموظفين كعاو عليها -وثائق,1,0,0,0,0,0,['anger'],train
ary_train_track_a_01491,كلنا بنكيران وكلنا معك,0,0,0,1,0,0,['joy'],train
ary_train_track_a_01492,مع الروكور ديال اليوم فكورونا فيروس. الحكومة زادت هاد الاجراءات لكازا لـ4 سيمانات,0,0,1,0,1,0,"['fear', 'sadness']",train
ary_train_track_a_01494,ولاه تا الناس ديال الحسيمة رجولة 👏👏👍👍,0,0,0,1,0,0,['joy'],train
ary_train_track_a_01495,amina hhh benisba les j aimes mashi 3lik ntii hh 3la meriemm mai 3lax saybty liha l twitter,0,0,0,1,0,0,['joy'],train
ary_train_track_a_01497,حميد شباط اكبر مفسد في المغرب و حتا خارجه      كفاكم نفاق,1,0,0,0,0,0,['anger'],train
ary_train_track_a_01498,yal lkhedra ila smîtk mrra o mok mezzghrta 3liik aji lmghrib ya matshufi mn mn9i khyaro 💩,1,0,0,0,0,0,['anger'],train
ary_train_track_a_01499,@<username> ahna kanabriwak bzf ofarhanin hit t3arafna a3lik wanta star banasba lina,0,0,0,1,0,0,['joy'],train
ary_train_track_a_01500,@<username> hana rada nwari mak ya l9hba ya 9lilt l asslal bnt zna9iii blokkk b nabhii bohdak 9ahbaaaaa 3ahira khkhkh bay hhh,1,0,0,0,0,0,['anger'],train
ary_train_track_a_01501,يوميات الحراك: اضراب ما باغينوش وبراح الحكومة قاهرنا غير بالبلا بلا وبي جي دي الشمال قلبات الطابلة على الياس العماري وليل الريف مازال مظلم بزاف,1,0,0,0,0,0,['anger'],train
ary_train_track_a_01502,كوثر فال اللي اتهمات بوعشرين باغتصابها واتهمتها السلطات البلجيكية بالتجسس وتبييض الأموال دخلات عالم الاستثمار فالداخلة فهاد المجال,0,0,0,0,0,1,['surprise'],train
ary_train_track_a_01503,و أسكنه فسيــــح جناتــــــــه، إن لله و إن إليــه راجعــون',0,0,0,0,1,0,['sadness'],train
ary_train_track_a_01504,خنيفرة.. الفوريستيا حصلو صيادة مخالفين و حجزو ليهم ستة ديال الجويجات,0,0,0,0,0,1,['surprise'],train
ary_train_track_a_01507,عيد مبارك سعيد على جميع الأمة الاسلامية #الله_ينصر_سيدنا #saadlamjarred1',0,0,0,1,0,0,['joy'],train
ary_train_track_a_01508,منورين الشباب',0,0,0,1,0,0,['joy'],train
ary_train_track_a_01509,يوسف الكناوي: والله ما نزيد مع الرجاء,1,0,0,0,0,0,['anger'],train
ary_train_track_a_01511,"saraha, the poor messi khesso ichouf chi fqih.",0,0,0,0,1,0,['sadness'],train
ary_train_track_a_01512,في الصورة ابتسام تسكت جميلة والكل يشاهد ذتلك',0,0,0,1,0,0,['joy'],train
ary_train_track_a_01513,hana wallah chrft l maghreb ahssan tachriiif,0,0,0,1,0,0,['joy'],train
ary_train_track_a_01514,شريط رائع ابدعي غاليتي .. فتطوان تحتاج شبابها ♥﻿ ',0,0,0,1,0,0,['joy'],train
ary_train_track_a_01515,والله حتى دارها.. “ابن عرفة البيجيدي” دشّن ولايته الحكومية بأوعر كذبة في شهر أبريل!,0,0,0,0,0,1,['surprise'],train
ary_train_track_a_01517,مرا دارت راسها أميرة إماراتية وسرقات مجوهرات بـ1.6 مليون اورو فباريس,0,0,0,0,0,1,['surprise'],train
ary_train_track_a_01519,gaa3 nass katkon 3andhom machakil howa ila kan kissemi rasso sahafi makhassoch idakhel f nass bhad tari9a,1,0,0,0,0,0,['anger'],train
ary_train_track_a_01520,كان على بن كيران ان يتقدم لمسباقة كوميديا بدل السياسة لانها واعرة عليه,1,0,0,0,0,0,['anger'],train
ary_train_track_a_01521,الحب ومايدير.. راجل بنا دار كتضور باش مراتو ميجيهاش الملل,0,0,0,1,0,1,"['joy', 'surprise']",train
ary_train_track_a_01523,تجربة المغرب الرائدة فالطاقات المتجددة تستعرضات فقمة المناخ,0,0,0,1,0,0,['joy'],train
ary_train_track_a_01524,مول مكتبة حط نونوسات فبلايص على برا باش يضحك الناس فظروف هاد الجايحة,0,0,0,1,0,0,['joy'],train
ary_train_track_a_01525,احتجاجات في شوارع الرباط للمطالبة لمحاسبة ناهبي المال العام وعدم الإفلات من العقاب,1,0,0,0,0,0,['anger'],train
ary_train_track_a_01529,معطيات حصرية.. الشقة اللّي كان فيها زعيم الخلية المفكّكة اليوم قريبة من 6 فنادق مصنفة وها فوقاش دخلو المتفجرات والأسلحة,0,0,1,0,0,0,['fear'],train
ary_train_track_a_01530,بغاو ايرجعو الجهة زاوية.. جهة الداخلة خصات 4.5 مليون درهم لجمعية ديال العدالة باش ايسيطرو على المساجد,1,0,0,0,0,0,['anger'],train
ary_train_track_a_01531,كتبقى أوروبا هي حاضنة و مفرخة الإرهاب الأولى : وجدات ليه البيئة فين ينمو بأموال الخليج ويتحمى بحقوق الإنسان,1,0,0,0,0,0,['anger'],train
ary_train_track_a_01532,أين الحكومة أين المؤسسات الاجتماعية أين الجمعيات التي أصبحت تسترزق على أبناء الشعب بدون تقديم أي شيء',1,0,0,0,0,0,['anger'],train
ary_train_track_a_01533,جاب الله الزفت مايمكنش إعادة استعماله أما تلقى كاع المناطق النائية فيها غير شانطي واحد كيفرشوه الى كان دايز الملك ويجمعوه يصبحوه فبلاصة خرى بحل لي كيديرو مع النخل,1,0,0,0,0,0,['anger'],train
ary_train_track_a_01534,الصبليون شدات عشرين حراك جنوب كَران كناريا,0,0,0,0,0,1,['surprise'],train
ary_train_track_a_01535,قاصر غراق فواد “غيس” ضواحي الحسيمة,0,0,0,0,1,0,['sadness'],train
ary_train_track_a_01536,غاديين وقفوا لبلاد كاملة على قيبال حساباتهم السياسية التافهة بحالهم.التغطية الصحية للوالدين متوقفة لهذا السبب,1,0,0,0,0,0,['anger'],train
ary_train_track_a_01537,ديما مشرفينا…ألمانيا رحلات “ملك الشفارة” لي طلع مغربي,1,1,0,0,0,0,"['anger', 'disgust']",train
ary_train_track_a_01538,السلطات المصرية كتفرق تذاكبر بلا فلوس لمشجعي الجزائر فنهائي الكان أمام السنغال والرئيس بنصالح حاضر للماتش,0,0,0,0,0,1,['surprise'],train
ary_train_track_a_01540,عندها قرن وعامين وخذات دكتوراه ف الطب بعد 77 عام من دفاعها عن اطروحتها!,0,0,0,0,0,1,['surprise'],train
ary_train_track_a_01541,sbania hbto liha srwal ya chwakr dat lgaz batle ntoma khlsto le gazoduc maghreb europe o 7na khdinah batl o sbania raha tsift fl gaz dyalkom lina 😂😂 t9t3o fl9alb doubaba sir fais la queue bach tchri l7lib ila b9iti m9ablni ghadi tsawr ghi les cokhones,1,0,0,0,0,0,['anger'],train
ary_train_track_a_01542,@<username> li kibghi hanan rah kikon oslobo ra9i f7alha matw93tch mnk tnzl had mostawa??,1,0,0,0,0,0,['anger'],train
ary_train_track_a_01543,لفلوس شايطين على بنادم. ساعة ديال 200 درهم تباعت بمليار ونص وها علاش,0,0,0,0,0,1,['surprise'],train
ary_train_track_a_01544,فلاّح اقتل مراتُو فقرية با محمد بتاونات,0,0,0,0,1,0,['sadness'],train
ary_train_track_a_01545,قلوب طيبة',0,0,0,1,0,0,['joy'],train
ary_train_track_a_01546,الخزي والعار لهاته الحكومة التي تغلط العالم والمغاربة عبر تضليل الرأي العام بإنجازات وهمية والشعب يعيش تحتت عتتبة الفقر,1,0,0,0,1,0,"['anger', 'sadness']",train
ary_train_track_a_01547,كيف سمحت لك نفسك ان تقارن اردوغان بالحمار بنكيران للتذكير انا #ممصوتش,1,0,0,0,0,0,['anger'],train
ary_train_track_a_01548,مساخيط هاذو . شدو مهاجرين من جنوب الصحراء صوبو تبويقة كيطر مولاها,0,0,0,0,0,1,['surprise'],train
ary_train_track_a_01549,لقاو جثة سيدة فدارها بالعيون عاطية الريحة ديالها,0,0,0,0,1,0,['sadness'],train
ary_train_track_a_01550,محجوبة المسنة لقاضي التحقيق : مصطفى للي اغتصبني قضيبو قد ديال لحمار” والقاضي طلب المعاينة,1,1,0,0,1,0,"['anger', 'disgust', 'sadness']",train
ary_train_track_a_01551,الحرب الإعلامية المتخيلة بين البام والعدالة والتنمية! ما جدوى تضييع أموالكم في مشاريع إعلامية جديدة وفاشلة، بينما أنتم ناجحون دون حاجة إليها، ودون حاجة إلى جرائد وراديوهات وقنوات,1,0,0,0,0,0,['anger'],train
ary_train_track_a_01552,ضابطي أمن متورطين في قضية ابتزاز وها كيفاش سالات القضية ديالهم,0,1,0,0,0,1,"['disgust', 'surprise']",train
ary_train_track_a_01553,ان الله يمهل ولا يهمل الله يجازي كل من كان له السبب في موت محسن فكري,1,0,0,0,1,0,"['anger', 'sadness']",train
ary_train_track_a_01554,hhhhhhhhhhhhh safe fda7ti l moufaj2a d momo et hatim,0,0,0,1,0,0,['joy'],train
ary_train_track_a_01555,طالبة مصرية صفاتها لماماها حقاش نتاقدات نتيجتها الدراسية,0,0,1,0,0,1,"['fear', 'surprise']",train
ary_train_track_a_01557,hhhhh hania aslan gheda khedam b lil kansbe7 na3es 😂😂,0,0,0,1,0,0,['joy'],train
ary_train_track_a_01558,عصابة تهاجم رجال الشرطة بـ “الكريموجين” والقيادة العليا للهيأة الحضرية تعزز أسطولها لمحاربة تصاعد الجريمة والسرقة بفاس,0,0,1,0,0,0,['fear'],train
ary_train_track_a_01559,هاد خياتنا باغيين يفرقوا المغاربة بأي طريقك',1,0,0,0,0,0,['anger'],train
ary_train_track_a_01560,لا توجد شفافية ولا ديمقراطية,1,0,0,0,0,0,['anger'],train
ary_train_track_a_01561,الله يرحم محسن فكري ومثواه الجنة ان شاء الله ثم الله يفرجها على سعد المجرد,0,0,0,0,1,0,['sadness'],train
ary_train_track_a_01562,أمريكية مابغاش ينعس معاها صاحبها وهي تسلخو – صورة,0,0,0,0,0,1,['surprise'],train
ary_train_track_a_01563,"“إل باييس” : الشركات ف جزر الكناري خايفة من قوة تنافسية الشركات المغربية,",0,0,1,0,0,0,['fear'],train
ary_train_track_a_01564,الأناقة في الأسلوب',0,0,0,1,0,0,['joy'],train
ary_train_track_a_01566,ملايرية فكازا قالو للدولة طز فيك ودارو ما بغاو وجابوها فريوسهم. تقدمو اليوم بعد ما تحداو كلشي,1,0,0,0,0,0,['anger'],train
ary_train_track_a_01567,جد مؤثر..بعد 80 سنة لقاو راسهم عايشين فالزنقة..معاناة ساكنة حي مرشان بطنجة بعد الإفراغ في ليالي البرد القارس',0,0,0,0,1,0,['sadness'],train
ary_train_track_a_01568,الكفار افلامهم احسن بكثير من افلامكم الوسخة وتطلبون دعم وزارة الثقافة من العدالة و التنمية (الإسلامي) لبث المزيد من السموم في مجتمع اصلا مريض.',0,1,0,0,0,0,['disgust'],train
ary_train_track_a_01569,وما هو دوركم إذن ؟',1,0,0,0,0,0,['anger'],train
ary_train_track_a_01570,لماذا يغار ماكرون من الإسلام و المسلمين في فرنسا؟! الدين الذي يعتنقه لاعب مراوغ مثل فرانك ريبيري مستحيل أن يكون في أزمة,1,0,0,0,0,0,['anger'],train
ary_train_track_a_01572,@<username> wa hadi ma3roufaa koulchi 3endna a bsmiyaa hhhhh,0,0,0,1,0,0,['joy'],train
ary_train_track_a_01573,rani wakha rqiq kanakul bzaf 😢😢 matbqawsh t7egruni,0,0,0,0,1,0,['sadness'],train
ary_train_track_a_01574,"الوزير ميراوي مكانش واضح وصريح.. لبارح قال: انا مجيتيش نوقف مشاريع امزازي.. واليوم: خيارات هاد الوزير مافيدهاش ومصالحاش,",0,0,0,0,0,1,['surprise'],train
ary_train_track_a_01579,عايشين الحب.. أشرف حكيمي كيوجد مع صاحبتو هبة أبوك تفاصيل الولادة وخفافيش الظلام كيسبو فيه -تصاور,0,0,0,1,0,0,['joy'],train
ary_train_track_a_01581,خرج عليه البلاي. محكمة ألمانية تدين شاب دس مادة منومة لصديقته ليستمتع باللعب مع صديقه,0,0,0,0,0,1,['surprise'],train
ary_train_track_a_01582,الطوارق نوضوها مع شركات مغربية وتونسية,1,0,0,0,0,0,['anger'],train
ary_train_track_a_01583,حنا نفلسو أي جنس بشري. زلزال فالداخلية الايطالية وإعتقال موظفين سامين بعد تورطهم في قضايا رشوة مع مغربي,1,0,0,0,0,1,"['anger', 'surprise']",train
ary_train_track_a_01584,من تركيا كلنا محسن فكري,0,0,0,0,1,0,['sadness'],train
ary_train_track_a_01586,الركراكي.. ربحنا الرجاء حينت حنى حسن منها,0,0,0,1,0,0,['joy'],train
ary_train_track_a_01589,عاش المغرب دولة الدستور الاسلامي هدا هو شعارنا,0,0,0,1,0,0,['joy'],train
ary_train_track_a_01590,عاجل. شكون قطع الضو على مزوار فالعيون؟ واش ولد الرشيد عندو شي علاقة,0,0,0,0,0,1,['surprise'],train
ary_train_track_a_01592,توفيقات داخل الطلبة المحتجين امام البرلمان,1,0,0,0,0,1,"['anger', 'surprise']",train
ary_train_track_a_01593,إعتقال مغربي و4 ديال الصبليون خطفوا ألماني جوج سيمانات وسلخوه عصا وكانو غايقتلوه بالجوع,0,0,1,0,0,0,['fear'],train
ary_train_track_a_01595,محبي الرجاء البيضاوي: اعتقال هاجر الريسوني تصفية حسابات سياسية,0,0,0,0,0,1,['surprise'],train
ary_train_track_a_01596,"عائلة بنصالح ستحودات على “مصرف المغرب”. شراتو من الفرانسيس,",0,0,0,0,0,1,['surprise'],train
ary_train_track_a_01598,كل عام و انت بألف خيييير يا نبضي 😍😍😍 و ياااارب تبقي سنه هجريه مليئه بالنجاحات كالعاده يا حبي بعشقك و مصر ب',0,0,0,1,0,0,['joy'],train
ary_train_track_a_01600,حتى اجد الشغل و الكرامة و الحرية و...... حينها ا فكر في الصحراء.هدا الامر لا يهمني اطلاقا.و شكر',1,0,0,0,0,0,['anger'],train
ary_train_track_a_01601,كيدعي علاقتو بالداخلية.. مول ميرسيديس تكرفس على سيد وبهدلو قدام البوليس فمراكش,1,0,0,0,1,0,"['anger', 'sadness']",train
ary_train_track_a_01603,عصبة ابطال أوروبا.. حكيم زياش ثالث للعاب مغربي كيربح اللقب,0,0,0,1,0,0,['joy'],train
ary_train_track_a_01604,ديما هو آخر من يعلم. العثماني مكانش فراسو إحداث وزارة للشؤون الخارجية,1,0,0,0,0,0,['anger'],train
ary_train_track_a_01605,لانتيرنيت بدلات كلشي.. حتى الطريقة باش كيبيعو الدريات لحمهم,1,1,0,0,1,0,"['anger', 'disgust', 'sadness']",train
ary_train_track_a_01606,مديرة الفضاء الجمعوي بالعيون، بغات تهرف على بلان و هو يخرج لوالي عينيه و رسل لجنة توقف البناء,1,0,0,0,0,0,['anger'],train
ary_train_track_a_01607,أحسنت قولا، وهذا هو كلام الانسان المثقف الواعي الحر، وليس من سيصوت للعدالة والتنمية الا فقط لأن البام ضدهم، هذا هو الغباء بعينه,1,0,0,0,0,0,['anger'],train
ary_train_track_a_01608,رحم الله الفقيد القدافي',0,0,0,0,1,0,['sadness'],train
